foto,fila,nombre,arete,telefono,marker_px,px_per_cm,distancia_m,nivel_distancia,cow_conf,area_px,lateral_area_cm2,lateral_area_cm2_corr,body_length_cm,height_cm,chest_depth_cm,aspect_ratio,fill_ratio,marcador_en_caja,seleccionada_3m,estado
IMG_20260912_065052.jpg,1,Estrellita,197260,xiaomi_15_ultra,124.29,8.2862,3.158,3.0,0.956,1263660,18404.15,24693.04,251.02,143.73,141.32,1.7464,0.5101,1,1,ok
IMG_20260912_065054.jpg,1,Estrellita,197260,xiaomi_15_ultra,123.22,8.215,3.186,3.0,0.948,1290894,19128.35,25604.41,269.51,145.71,144.98,1.8496,0.4871,1,1,ok
IMG_20260912_065055.jpg,1,Estrellita,197260,xiaomi_15_ultra,124.78,8.3186,3.146,3.0,0.953,1163811,16818.31,22589.4,235.38,143.05,141.85,1.6454,0.4995,0,1,ok
IMG_20260912_065057.jpg,1,Estrellita,197260,xiaomi_15_ultra,121.76,8.1176,3.224,3.0,0.957,1191116,18076.04,24118.04,248.35,146.6,145.86,1.6941,0.4965,0,1,ok
IMG_20260912_065058.jpg,1,Estrellita,197260,xiaomi_15_ultra,126.37,8.4245,3.106,3.0,0.955,1146228,16150.4,21768.11,237.76,144.34,139.71,1.6472,0.4706,0,1,ok
IMG_20260912_065106.jpg,1,Estrellita,197260,xiaomi_15_ultra,117.61,7.8404,3.338,3.5,0.945,946162,15391.92,20348.85,222.82,145.27,126.52,1.5338,0.4755,0,0,ok
IMG_20260912_065107.jpg,1,Estrellita,197260,xiaomi_15_ultra,117.61,7.8404,3.338,3.5,0.934,935070,15211.31,20110.1,222.82,145.27,126.52,1.5338,0.4699,0,0,ok
IMG_20260912_065108.jpg,1,Estrellita,197260,xiaomi_15_ultra,117.57,7.8381,3.339,3.5,0.949,945697,15393.34,20349.18,223.65,144.55,124.14,1.5472,0.4761,0,0,ok
IMG_20260912_065109.jpg,1,Estrellita,197260,xiaomi_15_ultra,118.08,7.872,3.324,3.5,0.949,971083,15670.77,20739.26,223.58,140.63,124.49,1.5899,0.4984,0,0,ok
IMG_20260912_065110.jpg,1,Estrellita,197260,xiaomi_15_ultra,117.81,7.854,3.332,3.5,0.946,946760,15348.41,20300.49,221.67,138.53,123.89,1.6002,0.4998,0,0,ok
IMG_20260912_065117.jpg,1,Estrellita,197260,xiaomi_15_ultra,99.26,6.6173,3.955,3.5,0.934,744919,17011.93,21585.63,233.03,139.33,130.57,1.6725,0.524,0,0,ok
IMG_20260912_065120.jpg,1,Estrellita,197260,xiaomi_15_ultra,99.26,6.6173,3.955,3.5,0.933,717610,16388.24,20794.26,230.16,136.31,132.53,1.6885,0.5224,0,0,ok
IMG_20260912_065121.jpg,1,Estrellita,197260,xiaomi_15_ultra,99.26,6.6173,3.955,3.5,0.926,720435,16452.76,20876.13,228.34,141.15,129.66,1.6178,0.5105,0,0,ok
IMG_20260912_065122.jpg,1,Estrellita,197260,xiaomi_15_ultra,99.26,6.6173,3.955,3.5,0.928,716057,16352.78,20749.27,230.16,138.27,130.57,1.6645,0.5138,0,0,ok
IMG_20260912_065123.jpg,1,Estrellita,197260,xiaomi_15_ultra,98.76,6.5839,3.975,3.5,0.917,719711,16603.09,21043.06,231.47,137.0,132.14,1.6896,0.5236,0,0,ok
IMG_20260912_065425.jpg,2,Rosalinda,236681,xiaomi_15_ultra,143.28,9.5519,2.74,2.5,0.943,1094941,12000.81,16780.95,199.02,123.95,119.98,1.6056,0.4865,0,0,ok
IMG_20260912_065426.jpg,2,Rosalinda,236681,xiaomi_15_ultra,142.55,9.5031,2.754,3.0,0.942,1082201,11983.38,16730.15,198.67,123.33,119.96,1.6109,0.4891,0,0,ok
IMG_20260912_065427.jpg,2,Rosalinda,236681,xiaomi_15_ultra,142.3,9.4869,2.758,3.0,0.946,1091458,12127.06,16921.9,199.75,125.54,120.8,1.5911,0.4836,0,1,ok
IMG_20260912_065428.jpg,2,Rosalinda,236681,xiaomi_15_ultra,141.83,9.4555,2.768,3.0,0.936,1081026,12091.26,16854.77,202.32,130.72,119.83,1.5477,0.4572,0,1,ok
IMG_20260912_065429.jpg,2,Rosalinda,236681,xiaomi_15_ultra,142.38,9.4922,2.757,3.0,0.95,1093384,12134.9,16935.74,201.53,128.84,120.1,1.5642,0.4673,1,1,ok
IMG_20260912_065501.jpg,2,Rosalinda,236681,xiaomi_15_ultra,141.1,9.4068,2.782,3.0,0.928,1041120,11765.58,16374.99,197.3,131.29,119.06,1.5028,0.4542,0,1,ok
IMG_20260912_065502.jpg,2,Rosalinda,236681,xiaomi_15_ultra,141.1,9.4067,2.782,3.0,0.916,1036814,11717.21,16307.61,193.16,134.05,121.08,1.4409,0.4525,0,1,ok
IMG_20260912_065508.jpg,2,Rosalinda,236681,xiaomi_15_ultra,116.87,7.7912,3.359,3.5,0.945,803358,13234.24,17467.72,193.94,137.98,128.22,1.4056,0.4946,0,0,ok
IMG_20260912_065509.jpg,2,Rosalinda,236681,xiaomi_15_ultra,116.59,7.7725,3.367,3.5,0.898,809999,13408.06,17686.12,206.63,140.75,124.28,1.468,0.461,0,0,ok
IMG_20260912_065510.jpg,2,Rosalinda,236681,xiaomi_15_ultra,116.59,7.7725,3.367,3.5,0.779,803203,13295.58,17537.74,208.43,138.31,123.51,1.507,0.4612,0,0,ok
IMG_20260912_065511.jpg,2,Rosalinda,236681,xiaomi_15_ultra,116.83,7.7888,3.36,3.5,0.857,820472,13524.7,17849.64,213.64,135.58,122.48,1.5758,0.4669,0,0,ok
IMG_20260912_065512.jpg,2,Rosalinda,236681,xiaomi_15_ultra,116.57,7.7713,3.367,3.5,0.905,831546,13768.72,18161.17,214.12,139.1,124.3,1.5393,0.4623,0,0,ok
IMG_20260912_065524.jpg,2,Rosalinda,236681,xiaomi_15_ultra,102.83,6.8551,3.817,3.5,,,,,,,,,,,0,sin_vaca
IMG_20260912_065525.jpg,2,Rosalinda,236681,xiaomi_15_ultra,102.59,6.8394,3.826,3.5,,,,,,,,,,,0,sin_vaca
IMG_20260912_065526.jpg,2,Rosalinda,236681,xiaomi_15_ultra,102.81,6.8537,3.818,3.5,,,,,,,,,,,0,sin_vaca
IMG_20260912_065527.jpg,2,Rosalinda,236681,xiaomi_15_ultra,102.81,6.8537,3.818,3.5,,,,,,,,,,,0,sin_vaca
IMG_20260912_065528.jpg,2,Rosalinda,236681,xiaomi_15_ultra,102.57,6.8377,3.827,3.5,0.515,657013,14052.33,17963.95,214.4,147.86,129.14,1.45,0.4433,0,0,ok
IMG_20260912_065720.jpg,3,Irina,207898,xiaomi_15_ultra,128.9,8.5933,3.045,3.0,0.95,1201152,16265.92,22045.79,239.84,132.55,131.15,1.8095,0.5117,0,1,ok
IMG_20260912_065721.jpg,3,Irina,207898,xiaomi_15_ultra,129.34,8.6227,3.035,3.0,0.953,1192105,16033.46,21751.72,241.22,132.9,130.7,1.815,0.5001,0,1,ok
IMG_20260912_065722.jpg,3,Irina,207898,xiaomi_15_ultra,129.06,8.6043,3.041,3.0,0.953,1188215,16049.58,21760.44,241.04,133.89,130.98,1.8003,0.4973,0,1,ok
IMG_20260912_065722_1.jpg,3,Irina,207898,xiaomi_15_ultra,129.29,8.6195,3.036,3.0,0.957,1186991,15976.7,21672.41,241.31,134.46,130.75,1.7947,0.4924,0,1,ok
IMG_20260912_065723.jpg,3,Irina,207898,xiaomi_15_ultra,129.55,8.6367,3.03,3.0,0.957,1185490,15892.81,21570.81,240.14,132.69,130.49,1.8098,0.4988,0,1,ok
IMG_20260912_065730.jpg,3,Irina,207898,xiaomi_15_ultra,120.53,8.0351,3.257,3.5,0.941,923003,14296.28,19022.86,215.06,126.57,121.09,1.6991,0.5252,0,0,ok
IMG_20260912_065731.jpg,3,Irina,207898,xiaomi_15_ultra,121.27,8.0845,3.237,3.0,0.939,920111,14077.84,18762.87,213.0,122.7,120.35,1.7359,0.5386,0,0,ok
IMG_20260912_065732.jpg,3,Irina,207898,xiaomi_15_ultra,121.02,8.0682,3.243,3.0,0.936,894077,13734.75,18295.75,208.72,121.34,120.6,1.7201,0.5423,0,0,ok
IMG_20260912_065733.jpg,3,Irina,207898,xiaomi_15_ultra,121.53,8.1018,3.23,3.0,0.928,864568,13171.45,17564.92,208.6,118.49,118.49,1.7604,0.5329,0,0,ok
IMG_20260912_065734.jpg,3,Irina,207898,xiaomi_15_ultra,120.76,8.0509,3.25,3.5,0.925,847413,13073.87,17405.44,205.82,118.37,118.37,1.7387,0.5366,0,0,ok
IMG_20260912_065740.jpg,3,Irina,207898,xiaomi_15_ultra,107.93,7.1952,3.637,3.5,,,,,,,,,,,0,sin_vaca
IMG_20260912_065741.jpg,3,Irina,207898,xiaomi_15_ultra,107.03,7.135,3.668,3.5,0.529,686106,13477.25,17402.33,216.96,121.93,116.61,1.7793,0.5094,0,0,ok
IMG_20260912_065741_1.jpg,3,Irina,207898,xiaomi_15_ultra,107.03,7.135,3.668,3.5,,,,,,,,,,,0,sin_vaca
IMG_20260912_065742.jpg,3,Irina,207898,xiaomi_15_ultra,106.25,7.0834,3.694,3.5,,,,,,,,,,,0,sin_vaca
IMG_20260912_065743.jpg,3,Irina,207898,xiaomi_15_ultra,107.03,7.135,3.668,3.5,0.891,694173,13635.71,17606.94,217.94,123.9,116.61,1.759,0.505,1,0,ok
IMG_20260912_065939.jpg,4,Realta,207903,xiaomi_15_ultra,150.8,10.0532,2.603,2.5,0.958,1468245,14527.46,20644.42,198.54,140.65,128.91,1.4116,0.5202,0,0,ok
IMG_20260912_065940.jpg,4,Realta,207903,xiaomi_15_ultra,150.81,10.0539,2.603,2.5,0.959,1463297,14476.59,20572.57,196.74,141.94,129.2,1.3861,0.5184,0,0,ok
IMG_20260912_065941.jpg,4,Realta,207903,xiaomi_15_ultra,151.04,10.0694,2.599,2.5,0.954,1467377,14472.13,20576.49,197.63,139.23,128.01,1.4194,0.5259,0,0,ok
IMG_20260912_065942.jpg,4,Realta,207903,xiaomi_15_ultra,150.29,10.0192,2.612,2.5,0.959,1471070,14654.51,20802.25,197.42,141.83,129.25,1.392,0.5234,0,0,ok
IMG_20260912_065943.jpg,4,Realta,207903,xiaomi_15_ultra,150.03,10.0021,2.616,2.5,0.955,1451439,14508.3,20583.43,198.36,136.27,129.27,1.4556,0.5367,0,1,ok
IMG_20260912_065949.jpg,4,Realta,207903,xiaomi_15_ultra,126.79,8.4526,3.096,3.0,0.957,1136742,15910.49,21464.58,222.65,137.83,128.72,1.6155,0.5185,0,1,ok
IMG_20260912_065950.jpg,4,Realta,207903,xiaomi_15_ultra,126.79,8.4526,3.096,3.0,0.958,1140248,15959.57,21530.79,221.83,138.66,129.07,1.5998,0.5189,0,1,ok
IMG_20260912_065951.jpg,4,Realta,207903,xiaomi_15_ultra,126.78,8.4519,3.096,3.0,0.923,1149805,16095.83,21714.15,231.78,140.09,129.08,1.6546,0.4957,0,1,ok
IMG_20260912_065952.jpg,4,Realta,207903,xiaomi_15_ultra,126.79,8.453,3.096,3.0,,,,,,,,,,,0,sin_vaca
IMG_20260912_065953.jpg,4,Realta,207903,xiaomi_15_ultra,127.03,8.4686,3.09,3.0,0.653,1140820,15907.02,21471.24,231.21,142.76,129.3,1.6195,0.4819,0,1,ok
IMG_20260912_065959.jpg,4,Realta,207903,xiaomi_15_ultra,109.08,7.2718,3.599,3.5,0.574,827204,15643.46,20292.42,221.68,139.99,126.1,1.5835,0.5041,0,0,ok
IMG_20260912_070000.jpg,4,Realta,207903,xiaomi_15_ultra,109.09,7.2729,3.598,3.5,0.543,828916,15671.08,20329.0,221.65,139.83,127.05,1.5851,0.5056,0,0,ok
IMG_20260912_070001.jpg,4,Realta,207903,xiaomi_15_ultra,109.06,7.2707,3.599,3.5,,,,,,,,,,,0,sin_vaca
IMG_20260912_070001_1.jpg,4,Realta,207903,xiaomi_15_ultra,109.05,7.2699,3.6,3.5,,,,,,,,,,,0,sin_vaca
IMG_20260912_070002.jpg,4,Realta,207903,xiaomi_15_ultra,108.82,7.2549,3.607,3.5,,,,,,,,,,,0,sin_vaca
IMG_20260912_070156.jpg,5,Damita,73148,xiaomi_15_ultra,157.76,10.5171,2.488,2.5,0.927,1515272,13699.19,19758.0,212.32,127.79,117.52,1.6615,0.5049,0,0,ok
IMG_20260912_070157.jpg,5,Damita,73148,xiaomi_15_ultra,158.03,10.5354,2.484,2.5,0.95,1512254,13624.5,19661.7,214.51,128.14,118.17,1.6741,0.4957,0,0,ok
IMG_20260912_070158.jpg,5,Damita,73148,xiaomi_15_ultra,158.36,10.5574,2.479,2.5,0.938,1504641,13499.56,19495.02,215.2,127.3,116.7,1.6905,0.4927,0,0,ok
IMG_20260912_070159.jpg,5,Damita,73148,xiaomi_15_ultra,158.56,10.5705,2.476,2.5,0.933,1523135,13631.58,19693.89,213.8,127.15,119.29,1.6815,0.5015,0,0,ok
IMG_20260912_070200.jpg,5,Damita,73148,xiaomi_15_ultra,157.86,10.5241,2.487,2.5,0.885,1522949,13750.47,19836.33,214.65,128.28,120.39,1.6733,0.4994,0,0,ok
IMG_20260912_070206.jpg,5,Damita,73148,xiaomi_15_ultra,125.83,8.3886,3.12,3.0,0.954,1180308,16773.04,22580.66,236.51,137.33,129.7,1.7222,0.5164,1,1,ok
IMG_20260912_070207.jpg,5,Damita,73148,xiaomi_15_ultra,125.59,8.3728,3.125,3.0,0.947,1131316,16137.86,21714.19,235.41,135.32,128.39,1.7396,0.5066,1,1,ok
IMG_20260912_070208.jpg,5,Damita,73148,xiaomi_15_ultra,125.59,8.3725,3.126,3.0,0.955,1126493,16070.06,21622.78,233.98,133.77,127.68,1.7491,0.5134,1,1,ok
IMG_20260912_070208_1.jpg,5,Damita,73148,xiaomi_15_ultra,125.03,8.3354,3.14,3.0,0.951,1167398,16802.34,22580.43,234.9,136.65,130.53,1.7191,0.5235,1,1,ok
IMG_20260912_070209.jpg,5,Damita,73148,xiaomi_15_ultra,125.29,8.3524,3.133,3.0,0.95,1121031,16069.11,21607.2,232.15,134.09,125.71,1.7312,0.5162,1,1,ok
IMG_20260912_070217.jpg,5,Damita,73148,xiaomi_15_ultra,101.78,6.7856,3.857,3.5,0.946,834049,18114.25,23115.73,255.69,139.56,135.88,1.8321,0.5076,1,0,ok
IMG_20260912_070218.jpg,5,Damita,73148,xiaomi_15_ultra,102.02,6.8011,3.848,3.5,0.949,834776,18047.03,23042.1,250.25,138.36,131.74,1.8087,0.5212,1,0,ok
IMG_20260912_070218_1.jpg,5,Damita,73148,xiaomi_15_ultra,101.78,6.7856,3.857,3.5,0.953,839883,18240.96,23277.43,248.03,139.56,135.73,1.7772,0.527,1,0,ok
IMG_20260912_070219.jpg,5,Damita,73148,xiaomi_15_ultra,102.04,6.8028,3.847,3.5,0.953,815991,17632.34,22513.89,246.37,139.35,133.62,1.7679,0.5136,1,0,ok
IMG_20260912_070220.jpg,5,Damita,73148,xiaomi_15_ultra,102.11,6.8076,3.844,3.5,0.951,846874,18274.12,23337.1,244.43,140.14,138.23,1.7442,0.5335,1,0,ok
IMG_20260912_070230.jpg,5,Damita,73148,xiaomi_15_ultra,149.33,9.9556,2.629,2.5,0.956,1539389,15531.42,22002.13,238.46,133.09,124.65,1.7917,0.4894,1,0,ok
IMG_20260912_070231.jpg,5,Damita,73148,xiaomi_15_ultra,149.14,9.9428,2.632,2.5,0.949,1544860,15626.88,22128.24,234.94,130.04,125.52,1.8067,0.5115,0,0,ok
IMG_20260912_070232.jpg,5,Damita,73148,xiaomi_15_ultra,149.45,9.9633,2.627,2.5,0.956,1559467,15709.89,22260.41,238.28,130.38,126.56,1.8276,0.5057,0,0,ok
IMG_20260912_070244.jpg,5,Damita,73148,xiaomi_15_ultra,140.5,9.3666,2.794,3.0,0.92,1195639,13628.01,18942.37,210.43,126.41,119.57,1.6647,0.5123,0,0,ok
IMG_20260912_070245.jpg,5,Damita,73148,xiaomi_15_ultra,141.21,9.4138,2.78,3.0,0.821,1207583,13626.71,18969.5,210.76,125.03,118.34,1.6856,0.5171,0,0,ok
IMG_20260912_070245_1.jpg,5,Damita,73148,xiaomi_15_ultra,142.17,9.4777,2.761,3.0,0.944,1208419,13452.63,18766.0,208.7,125.66,117.54,1.6608,0.513,0,0,ok
IMG_20260912_070246.jpg,5,Damita,73148,xiaomi_15_ultra,142.29,9.4857,2.759,3.0,0.928,1217057,13526.09,18873.33,209.16,125.45,117.33,1.6672,0.5155,0,0,ok
IMG_20260912_070247.jpg,5,Damita,73148,xiaomi_15_ultra,142.12,9.4748,2.762,3.0,0.91,1208933,13466.65,18783.78,208.02,126.97,117.05,1.6384,0.5099,0,0,ok
IMG_20260912_070254.jpg,5,Damita,73148,xiaomi_15_ultra,112.7,7.5134,3.483,3.5,0.898,905412,16039.0,20974.5,234.25,147.34,128.57,1.5899,0.4647,1,0,ok
IMG_20260912_070255.jpg,5,Damita,73148,xiaomi_15_ultra,112.7,7.5134,3.483,3.5,0.935,895982,15871.95,20756.05,228.26,141.35,127.77,1.6149,0.4919,0,0,ok
IMG_20260912_070256.jpg,5,Damita,73148,xiaomi_15_ultra,112.66,7.5105,3.484,3.5,0.926,888605,15753.37,20598.99,225.82,144.86,127.02,1.5588,0.4816,1,0,ok
IMG_20260912_070256_1.jpg,5,Damita,73148,xiaomi_15_ultra,112.34,7.4896,3.494,3.5,0.941,898022,16009.07,20918.76,230.72,141.8,126.44,1.6271,0.4893,1,0,ok
IMG_20260912_070257.jpg,5,Damita,73148,xiaomi_15_ultra,112.62,7.5079,3.486,3.5,0.914,893451,15850.34,20723.97,229.36,144.91,126.27,1.5827,0.4769,1,0,ok
IMG_20260912_070530.jpg,6,Señorita,207916,xiaomi_15_ultra,140.65,9.377,2.791,3.0,0.95,1467221,16686.75,23201.65,232.06,152.93,134.69,1.5174,0.4702,0,0,ok
IMG_20260912_070530_1.jpg,6,Señorita,207916,xiaomi_15_ultra,140.22,9.3482,2.799,3.0,0.951,1459793,16704.71,23204.96,231.38,152.76,134.14,1.5147,0.4726,0,0,ok
IMG_20260912_070531.jpg,6,Señorita,207916,xiaomi_15_ultra,139.76,9.3176,2.809,3.0,0.919,1489532,17157.03,23809.67,236.33,152.51,135.55,1.5496,0.476,0,0,ok
IMG_20260912_070532.jpg,6,Señorita,207916,xiaomi_15_ultra,139.79,9.3192,2.808,3.0,0.951,1474314,16975.73,23559.33,241.76,151.09,130.48,1.6001,0.4648,0,0,ok
IMG_20260912_070533.jpg,6,Señorita,207916,xiaomi_15_ultra,139.49,9.2997,2.814,3.0,0.952,1457721,16855.43,23377.52,231.94,152.8,135.81,1.5179,0.4756,0,0,ok
IMG_20260912_070540.jpg,6,Señorita,207916,xiaomi_15_ultra,124.36,8.291,3.156,3.0,0.95,1115765,16231.58,21781.49,227.72,145.1,131.23,1.5694,0.4913,0,1,ok
IMG_20260912_070541.jpg,6,Señorita,207916,xiaomi_15_ultra,124.38,8.2922,3.156,3.0,0.949,1118857,16271.89,21836.44,230.82,140.49,126.5,1.6429,0.5018,0,1,ok
IMG_20260912_070542.jpg,6,Señorita,207916,xiaomi_15_ultra,124.34,8.2892,3.157,3.0,0.952,1118005,16271.08,21833.23,231.63,139.7,129.08,1.658,0.5028,0,1,ok
IMG_20260912_070543.jpg,6,Señorita,207916,xiaomi_15_ultra,124.1,8.2734,3.163,3.0,0.952,1121209,16380.04,21967.99,231.34,143.83,129.45,1.6084,0.4923,0,1,ok
IMG_20260912_070543_1.jpg,6,Señorita,207916,xiaomi_15_ultra,124.34,8.2892,3.157,3.0,0.951,1136638,16542.26,22197.11,237.9,145.97,130.53,1.6298,0.4764,0,1,ok
IMG_20260912_070552.jpg,6,Señorita,207916,xiaomi_15_ultra,105.29,7.0193,3.728,3.5,0.953,862039,17496.11,22503.79,246.18,141.32,131.35,1.7419,0.5029,0,0,ok
IMG_20260912_070553.jpg,6,Señorita,207916,xiaomi_15_ultra,105.04,7.0029,3.737,3.5,0.952,861280,17562.81,22577.08,244.9,142.66,134.37,1.7167,0.5027,0,0,ok
IMG_20260912_070554.jpg,6,Señorita,207916,xiaomi_15_ultra,105.04,7.0024,3.737,3.5,0.939,856864,17475.11,22463.99,245.92,143.52,134.81,1.7134,0.4951,0,0,ok
IMG_20260912_070555.jpg,6,Señorita,207916,xiaomi_15_ultra,105.04,7.0024,3.737,3.5,0.958,864856,17638.07,22673.47,245.77,144.52,130.67,1.7006,0.4966,0,0,ok
IMG_20260912_070555_1.jpg,6,Señorita,207916,xiaomi_15_ultra,104.78,6.9852,3.746,3.5,0.925,847943,17378.54,22326.88,242.8,142.87,129.13,1.6994,0.501,0,0,ok
IMG_20260912_070557.jpg,6,Señorita,207916,xiaomi_15_ultra,105.03,7.0022,3.737,3.5,0.949,856627,17471.09,22458.7,242.21,143.53,131.96,1.6876,0.5026,0,0,ok
IMG_20260912_070557_1.jpg,6,Señorita,207916,xiaomi_15_ultra,105.04,7.0027,3.737,3.5,0.945,840085,17131.27,22022.23,244.9,143.52,129.81,1.7065,0.4874,0,0,ok
IMG_20260912_070559.jpg,6,Señorita,207916,xiaomi_15_ultra,105.32,7.0215,3.727,3.5,0.951,857621,17395.43,22375.97,244.25,145.84,130.31,1.6748,0.4884,0,0,ok
IMG_20260912_070604.jpg,6,Señorita,207916,xiaomi_15_ultra,119.03,7.9351,3.298,3.5,0.92,1043181,16567.22,21971.7,239.57,135.47,129.93,1.7684,0.5105,0,0,ok
IMG_20260912_070604_1.jpg,6,Señorita,207916,xiaomi_15_ultra,119.03,7.9352,3.298,3.5,0.929,1020417,16205.68,21492.22,235.53,133.83,129.05,1.7599,0.5141,0,0,ok
IMG_20260912_070605.jpg,6,Señorita,207916,xiaomi_15_ultra,118.77,7.9181,3.305,3.5,0.948,1072243,17101.99,22668.12,243.37,139.05,130.21,1.7502,0.5054,0,0,ok
IMG_20260912_070606.jpg,6,Señorita,207916,xiaomi_15_ultra,118.77,7.9181,3.305,3.5,0.944,1066407,17008.91,22544.75,237.56,136.65,131.09,1.7384,0.524,0,0,ok
IMG_20260912_070610.jpg,6,Señorita,207916,xiaomi_15_ultra,145.79,9.7195,2.692,2.5,0.944,1472884,15591.23,21919.74,231.8,133.03,125.11,1.7425,0.5056,0,0,ok
IMG_20260912_070611.jpg,6,Señorita,207916,xiaomi_15_ultra,145.05,9.6698,2.706,2.5,0.781,1450665,15514.31,21776.67,228.96,132.37,125.13,1.7297,0.5119,0,0,ok
IMG_20260912_070611_1.jpg,6,Señorita,207916,xiaomi_15_ultra,145.29,9.6862,2.702,2.5,0.937,1467436,15640.64,21965.59,232.6,130.81,126.26,1.7782,0.5141,0,0,ok
IMG_20260912_070613.jpg,6,Señorita,207916,xiaomi_15_ultra,145.8,9.7201,2.692,2.5,0.95,1497300,15847.85,22280.92,229.73,134.36,128.09,1.7098,0.5134,0,0,ok
IMG_20260912_070614.jpg,6,Señorita,207916,xiaomi_15_ultra,146.05,9.7364,2.688,2.5,0.94,1486512,15680.79,22057.68,233.35,134.03,126.84,1.741,0.5014,0,0,ok
IMG_20260912_070808.jpg,7,Keila,73161,xiaomi_15_ultra,145.19,9.6792,2.704,2.5,0.953,1582016,16886.35,23709.69,224.19,147.53,145.47,1.5196,0.5105,0,0,ok
IMG_20260912_070809.jpg,7,Keila,73161,xiaomi_15_ultra,145.27,9.6849,2.702,2.5,0.954,1581704,16862.84,23681.1,232.63,149.3,147.34,1.5581,0.4855,0,0,ok
IMG_20260912_070810.jpg,7,Keila,73161,xiaomi_15_ultra,144.92,9.6615,2.709,2.5,0.948,1461460,15656.67,21970.6,230.5,139.11,134.45,1.657,0.4883,0,0,ok
IMG_20260912_070811.jpg,7,Keila,73161,xiaomi_15_ultra,144.33,9.622,2.72,2.5,0.931,1441417,15568.97,21819.71,236.13,146.96,135.73,1.6068,0.4487,0,0,ok
IMG_20260912_070812.jpg,7,Keila,73161,xiaomi_15_ultra,145.97,9.7317,2.689,2.5,0.931,1479844,15625.81,21976.96,236.03,145.4,134.1,1.6233,0.4553,0,0,ok
IMG_20260912_070816.jpg,7,Keila,73161,xiaomi_15_ultra,129.79,8.6529,3.024,3.0,0.875,1113840,14876.57,20202.2,226.28,131.63,127.93,1.7191,0.4994,1,1,ok
IMG_20260912_070817.jpg,7,Keila,73161,xiaomi_15_ultra,129.06,8.6039,3.041,3.0,0.777,1091567,14745.34,19991.89,225.36,131.68,127.15,1.7114,0.4969,1,0,ok
IMG_20260912_070818.jpg,7,Keila,73161,xiaomi_15_ultra,129.1,8.6066,3.041,3.0,0.915,1091739,14738.55,19984.42,226.8,129.44,127.92,1.7522,0.5021,1,0,ok
IMG_20260912_070818_1.jpg,7,Keila,73161,xiaomi_15_ultra,128.71,8.5807,3.05,3.0,0.909,1094380,14863.64,20136.89,224.46,129.83,128.31,1.7289,0.5101,1,0,ok
IMG_20260912_070819.jpg,7,Keila,73161,xiaomi_15_ultra,128.71,8.5806,3.05,3.0,0.826,1117668,15180.17,20565.67,228.89,131.23,129.01,1.7442,0.5054,1,0,ok
IMG_20260912_070825.jpg,7,Keila,73161,xiaomi_15_ultra,115.04,7.6696,3.412,3.5,0.928,848259,14420.42,18956.46,234.43,134.43,128.56,1.7439,0.4576,1,0,ok
IMG_20260912_070825_1.jpg,7,Keila,73161,xiaomi_15_ultra,115.05,7.6697,3.412,3.5,0.864,848384,14422.45,18959.15,233.65,137.69,127.78,1.697,0.4483,1,0,ok
IMG_20260912_070826.jpg,7,Keila,73161,xiaomi_15_ultra,114.8,7.6531,3.419,3.5,0.864,856976,14631.79,19223.69,231.67,139.68,128.84,1.6586,0.4521,1,0,ok
IMG_20260912_070827.jpg,7,Keila,73161,xiaomi_15_ultra,115.05,7.67,3.412,3.5,0.93,857646,14578.79,19164.85,230.38,135.2,130.12,1.704,0.4681,1,0,ok
IMG_20260912_070828.jpg,7,Keila,73161,xiaomi_15_ultra,114.81,7.6539,3.419,3.5,0.751,862785,14727.6,19350.14,229.16,137.84,127.12,1.6626,0.4663,1,0,ok
IMG_20260912_070828_1.jpg,7,Keila,73161,xiaomi_15_ultra,114.11,7.6071,3.44,3.5,0.871,871850,15066.24,19764.16,228.87,138.82,131.32,1.6487,0.4742,1,0,ok
IMG_20260912_070829.jpg,7,Keila,73161,xiaomi_15_ultra,114.3,7.6198,3.434,3.5,0.943,874931,15069.24,19776.45,229.27,140.29,130.19,1.6342,0.4685,1,0,ok
IMG_20260912_070830.jpg,7,Keila,73161,xiaomi_15_ultra,114.32,7.6216,3.433,3.5,0.932,865121,14892.93,19546.29,228.43,142.75,131.07,1.6002,0.4567,1,0,ok
IMG_20260912_070835.jpg,7,Keila,73161,xiaomi_15_ultra,131.29,8.7528,2.99,3.0,0.94,1145537,14952.42,20371.82,232.61,141.9,127.96,1.6393,0.453,1,1,ok
IMG_20260912_070835_1.jpg,7,Keila,73161,xiaomi_15_ultra,131.33,8.7553,2.989,3.0,0.951,1124008,14663.05,19979.21,231.74,142.54,127.92,1.6258,0.4439,1,1,ok
IMG_20260912_070836.jpg,7,Keila,73161,xiaomi_15_ultra,130.85,8.7232,3.0,3.0,0.922,1112504,14620.23,19899.88,229.62,142.38,128.39,1.6127,0.4472,1,1,ok
IMG_20260912_070836_1.jpg,7,Keila,73161,xiaomi_15_ultra,130.82,8.721,3.001,3.0,0.937,1111488,14614.08,19890.11,229.68,143.1,128.43,1.605,0.4446,1,1,ok
IMG_20260912_070840.jpg,7,Keila,73161,xiaomi_15_ultra,154.7,10.3135,2.537,2.5,0.87,1448886,13621.39,19518.7,220.88,137.1,124.11,1.611,0.4498,1,0,ok
IMG_20260912_070841.jpg,7,Keila,73161,xiaomi_15_ultra,155.75,10.3835,2.52,2.5,0.944,1452204,13469.18,19343.73,219.48,138.01,122.69,1.5904,0.4447,1,0,ok
IMG_20260912_070841_1.jpg,7,Keila,73161,xiaomi_15_ultra,155.01,10.3342,2.532,2.5,0.949,1459037,13662.04,19589.86,219.27,136.83,123.86,1.6025,0.4554,1,0,ok
IMG_20260912_070842.jpg,7,Keila,73161,xiaomi_15_ultra,154.75,10.3169,2.536,2.5,0.925,1467295,13785.31,19755.74,223.32,138.9,122.81,1.6078,0.4444,1,0,ok
IMG_20260912_071103.jpg,8,Gaby,223678,xiaomi_15_ultra,128.9,8.5931,3.045,3.0,0.923,1038312,14061.4,19057.8,212.26,132.55,119.98,1.6014,0.4998,1,1,ok
IMG_20260912_071104.jpg,8,Gaby,223678,xiaomi_15_ultra,129.21,8.6141,3.038,3.0,0.954,1043920,14068.64,19080.73,210.93,132.23,121.78,1.5953,0.5044,0,1,ok
IMG_20260912_071105.jpg,8,Gaby,223678,xiaomi_15_ultra,128.3,8.5533,3.059,3.0,0.935,1044808,14281.22,19330.48,222.95,132.46,121.24,1.6831,0.4836,1,1,ok
IMG_20260912_071105_1.jpg,8,Gaby,223678,xiaomi_15_ultra,125.84,8.3895,3.119,3.0,0.925,1060810,15071.87,20291.02,230.41,135.88,123.61,1.6956,0.4814,1,0,ok
IMG_20260912_071106.jpg,8,Gaby,223678,xiaomi_15_ultra,125.29,8.3529,3.133,3.0,0.949,1064783,15261.09,20521.03,232.13,135.64,121.75,1.7114,0.4847,0,0,ok
IMG_20260912_071112.jpg,8,Gaby,223678,xiaomi_15_ultra,109.91,7.3274,3.571,3.5,0.835,820839,15288.35,19868.8,224.36,146.71,122.28,1.5293,0.4645,1,0,ok
IMG_20260912_071113.jpg,8,Gaby,223678,xiaomi_15_ultra,109.41,7.2941,3.588,3.5,,,,,,,,,,,0,sin_vaca
IMG_20260912_071114.jpg,8,Gaby,223678,xiaomi_15_ultra,109.68,7.312,3.579,3.5,0.644,822702,15387.53,19987.39,224.97,146.2,126.09,1.5388,0.4678,1,0,ok
IMG_20260912_071115.jpg,8,Gaby,223678,xiaomi_15_ultra,109.41,7.2941,3.588,3.5,0.889,835634,15706.45,20389.37,228.95,144.78,128.05,1.5814,0.4738,1,0,ok
IMG_20260912_071115_1.jpg,8,Gaby,223678,xiaomi_15_ultra,110.18,7.3452,3.563,3.5,0.896,840145,15571.9,20249.42,226.54,149.76,123.75,1.5127,0.459,1,0,ok
IMG_20260912_071120.jpg,8,Gaby,223678,xiaomi_15_ultra,97.57,6.5046,4.023,3.5,0.854,650029,15363.58,19419.69,225.38,145.59,122.99,1.548,0.4682,0,0,ok
IMG_20260912_071121.jpg,8,Gaby,223678,xiaomi_15_ultra,97.32,6.4877,4.034,3.5,0.922,640377,15214.42,19220.1,221.03,147.05,126.24,1.5031,0.4681,1,0,ok
IMG_20260912_071122.jpg,8,Gaby,223678,xiaomi_15_ultra,97.82,6.521,4.013,3.5,0.951,641977,15096.91,19093.27,221.9,145.38,120.69,1.5264,0.468,0,0,ok
IMG_20260912_071122_1.jpg,8,Gaby,223678,xiaomi_15_ultra,97.58,6.5052,4.023,3.5,0.95,646623,15280.05,19314.53,220.28,145.57,127.9,1.5132,0.4765,0,0,ok
IMG_20260912_071123.jpg,8,Gaby,223678,xiaomi_15_ultra,97.32,6.4877,4.034,3.5,0.951,643426,15286.86,19311.61,219.03,147.05,125.31,1.4895,0.4746,0,0,ok
IMG_20260912_071123_1.jpg,8,Gaby,223678,xiaomi_15_ultra,97.55,6.5036,4.024,3.5,0.893,634818,15008.72,18970.49,219.42,145.77,123.93,1.5053,0.4693,0,0,ok
IMG_20260912_071124.jpg,8,Gaby,223678,xiaomi_15_ultra,97.8,6.5203,4.013,3.5,0.951,625674,14716.72,18611.99,217.93,141.4,121.77,1.5412,0.4776,0,0,ok
IMG_20260912_071133.jpg,8,Gaby,223678,xiaomi_15_ultra,107.77,7.1843,3.642,3.5,0.938,822390,15933.24,20607.74,233.42,146.15,124.72,1.5971,0.467,0,0,ok
IMG_20260912_071133_1.jpg,8,Gaby,223678,xiaomi_15_ultra,107.77,7.1845,3.642,3.5,0.925,830965,16098.7,20821.84,236.06,146.98,128.19,1.6061,0.464,0,0,ok
IMG_20260912_071134.jpg,8,Gaby,223678,xiaomi_15_ultra,107.27,7.1512,3.659,3.5,0.88,821796,16069.78,20761.18,235.35,148.51,127.11,1.5847,0.4598,0,0,ok
IMG_20260912_071134_1.jpg,8,Gaby,223678,xiaomi_15_ultra,107.77,7.1843,3.642,3.5,,,,,,,,,,,0,sin_vaca
IMG_20260912_071138.jpg,8,Gaby,223678,xiaomi_15_ultra,126.56,8.4374,3.102,3.0,0.622,1116171,15678.78,21141.43,235.14,138.79,123.62,1.6943,0.4804,1,1,ok
IMG_20260912_071139.jpg,8,Gaby,223678,xiaomi_15_ultra,126.3,8.42,3.108,3.0,0.871,1100760,15526.22,20923.74,231.83,139.07,126.13,1.667,0.4816,1,1,ok
IMG_20260912_071139_1.jpg,8,Gaby,223678,xiaomi_15_ultra,126.3,8.42,3.108,3.0,,,,,,,,,,,0,sin_vaca
IMG_20260912_071140.jpg,8,Gaby,223678,xiaomi_15_ultra,126.3,8.42,3.108,3.0,0.658,1083689,15285.44,20599.25,231.83,142.16,124.7,1.6307,0.4638,0,0,ok
IMG_20260912_071327.jpg,9,Cerezita,,xiaomi_15_ultra,140.74,9.3824,2.789,3.0,0.962,1430875,16254.36,22604.47,214.23,155.5,140.58,1.3777,0.4879,0,0,ok
IMG_20260912_071328.jpg,9,Cerezita,,xiaomi_15_ultra,140.61,9.3742,2.792,3.0,0.957,1444422,16436.97,22852.34,228.71,159.05,140.92,1.438,0.4518,0,0,ok
IMG_20260912_071328_1.jpg,9,Cerezita,,xiaomi_15_ultra,141.4,9.4267,2.776,3.0,0.938,1466703,16505.36,22986.44,233.59,157.53,140.45,1.4828,0.4485,0,0,ok
IMG_20260912_071329.jpg,9,Cerezita,,xiaomi_15_ultra,141.61,9.4405,2.772,3.0,0.926,1447304,16239.32,22626.07,237.28,157.19,140.25,1.5094,0.4354,0,0,ok
IMG_20260912_071329_1.jpg,9,Cerezita,,xiaomi_15_ultra,141.09,9.406,2.782,3.0,0.932,1472942,16648.43,23170.18,237.51,157.77,140.12,1.5054,0.4443,0,0,ok
IMG_20260912_071330.jpg,9,Cerezita,,xiaomi_15_ultra,142.33,9.4888,2.758,3.0,0.932,1495106,16605.46,23172.37,235.33,156.5,139.22,1.5037,0.4509,0,0,ok
IMG_20260912_071330_1.jpg,9,Cerezita,,xiaomi_15_ultra,144.07,9.6049,2.725,2.5,0.955,1477085,16011.16,22427.03,229.15,153.26,136.29,1.4952,0.4559,0,0,ok
IMG_20260912_071331.jpg,9,Cerezita,,xiaomi_15_ultra,143.61,9.5739,2.733,2.5,0.96,1485640,16208.34,22680.5,230.63,153.13,137.77,1.5061,0.459,0,0,ok
IMG_20260912_071338.jpg,9,Cerezita,,xiaomi_15_ultra,123.82,8.2549,3.17,3.0,0.951,1077523,15812.4,21193.77,212.48,151.18,136.4,1.4054,0.4922,0,1,ok
IMG_20260912_071338_1.jpg,9,Cerezita,,xiaomi_15_ultra,123.16,8.2104,3.187,3.0,0.941,1078089,15992.88,21404.16,216.68,152.0,136.78,1.4255,0.4856,0,1,ok
IMG_20260912_071339.jpg,9,Cerezita,,xiaomi_15_ultra,123.57,8.238,3.177,3.0,0.926,1074227,15828.88,21204.01,212.07,151.49,136.32,1.3998,0.4927,0,1,ok
IMG_20260912_071339_1.jpg,9,Cerezita,,xiaomi_15_ultra,122.85,8.1898,3.195,3.0,0.955,1094816,16322.74,21830.78,217.22,150.06,136.76,1.4475,0.5007,0,0,ok
IMG_20260912_071340.jpg,9,Cerezita,,xiaomi_15_ultra,123.81,8.2539,3.17,3.0,0.952,1109322,16283.03,21823.84,220.99,152.05,136.78,1.4534,0.4846,0,1,ok
IMG_20260912_071340_1.jpg,9,Cerezita,,xiaomi_15_ultra,123.43,8.2289,3.18,3.0,0.937,1112349,16427.08,21998.7,220.81,151.66,137.69,1.4559,0.4905,0,1,ok
IMG_20260912_071347.jpg,9,Cerezita,,xiaomi_15_ultra,106.31,7.0873,3.692,3.5,0.928,842150,16766.02,21614.18,216.73,151.82,139.12,1.4275,0.5095,0,0,ok
IMG_20260912_071347_1.jpg,9,Cerezita,,xiaomi_15_ultra,106.34,7.0896,3.691,3.5,0.944,860112,17112.57,22062.63,223.0,148.95,137.24,1.4972,0.5152,0,0,ok
IMG_20260912_071348.jpg,9,Cerezita,,xiaomi_15_ultra,106.34,7.0896,3.691,3.5,0.947,856884,17048.35,21979.84,226.67,148.95,139.36,1.5218,0.5049,0,0,ok
IMG_20260912_071348_1.jpg,9,Cerezita,,xiaomi_15_ultra,106.08,7.0723,3.7,3.5,0.936,855991,17113.92,22051.54,228.07,147.48,138.43,1.5465,0.5088,0,0,ok
IMG_20260912_071349.jpg,9,Cerezita,,xiaomi_15_ultra,106.33,7.0889,3.692,3.5,0.947,855405,17022.36,21945.8,227.54,147.13,138.95,1.5465,0.5085,0,0,ok
IMG_20260912_071349_1.jpg,9,Cerezita,,xiaomi_15_ultra,106.07,7.0713,3.701,3.5,0.948,849810,16995.19,21897.81,227.96,146.65,136.61,1.5545,0.5084,0,0,ok
IMG_20260912_071350.jpg,9,Cerezita,,xiaomi_15_ultra,106.33,7.0888,3.692,3.5,0.934,853330,16981.1,21892.6,227.4,147.27,138.25,1.5441,0.5071,0,0,ok
IMG_20260912_071350_1.jpg,9,Cerezita,,xiaomi_15_ultra,106.34,7.0896,3.691,3.5,0.938,865435,17218.48,22199.18,231.04,148.95,139.08,1.5511,0.5003,0,0,ok
IMG_20260912_071350_2.jpg,9,Cerezita,,xiaomi_15_ultra,106.53,7.1023,3.685,3.5,0.938,834204,16537.72,21330.63,227.11,139.67,137.84,1.626,0.5213,0,0,ok
IMG_20260912_071351.jpg,9,Cerezita,,xiaomi_15_ultra,106.57,7.1046,3.683,3.5,0.943,840709,16655.95,21484.78,229.71,143.29,137.24,1.6031,0.506,0,0,ok
IMG_20260912_071356.jpg,9,Cerezita,,xiaomi_15_ultra,146.17,9.7449,2.685,2.5,0.955,1567747,16508.87,23228.88,233.15,147.77,136.69,1.5778,0.4792,0,0,ok
IMG_20260912_071357.jpg,9,Cerezita,,xiaomi_15_ultra,147.3,9.8199,2.665,2.5,0.958,1605883,16653.12,23488.5,230.04,144.6,135.54,1.5908,0.5006,0,0,ok
IMG_20260912_071616.jpg,10,Martinica,,xiaomi_15_ultra,157.58,10.5054,2.491,2.5,0.935,1600213,14499.57,20904.53,229.12,128.51,126.7,1.783,0.4925,0,0,ok
IMG_20260912_071617.jpg,10,Martinica,,xiaomi_15_ultra,157.36,10.4904,2.495,2.5,0.947,1652876,15019.56,21643.89,230.02,129.36,125.73,1.7782,0.5048,0,0,ok
IMG_20260912_071618.jpg,10,Martinica,,xiaomi_15_ultra,157.08,10.4717,2.499,2.5,0.944,1595607,14550.83,20955.99,230.33,127.1,126.53,1.8122,0.497,0,0,ok
IMG_20260912_071618_1.jpg,10,Martinica,,xiaomi_15_ultra,156.55,10.4367,2.507,2.5,0.949,1619193,14865.32,21385.02,229.29,130.02,126.96,1.7634,0.4986,0,0,ok
IMG_20260912_071619.jpg,10,Martinica,,xiaomi_15_ultra,156.54,10.4362,2.508,2.5,0.953,1587987,14580.03,20974.32,228.82,127.54,126.87,1.7941,0.4996,0,0,ok
IMG_20260912_071619_1.jpg,10,Martinica,,xiaomi_15_ultra,156.54,10.4362,2.508,2.5,0.945,1578641,14494.32,20850.99,228.72,127.54,126.96,1.7934,0.4969,0,0,ok
IMG_20260912_071620.jpg,10,Martinica,,xiaomi_15_ultra,156.8,10.4532,2.503,2.5,0.951,1575826,14421.57,20757.55,227.78,128.0,126.76,1.7795,0.4946,0,0,ok
IMG_20260912_071621.jpg,10,Martinica,,xiaomi_15_ultra,155.78,10.3851,2.52,2.5,0.957,1589581,14738.76,21168.12,223.69,133.75,127.59,1.6724,0.4926,0,0,ok
IMG_20260912_071629.jpg,10,Martinica,,xiaomi_15_ultra,129.54,8.636,3.03,3.0,0.864,1165461,15626.98,21209.5,233.44,131.89,123.09,1.77,0.5076,0,1,ok
IMG_20260912_071630.jpg,10,Martinica,,xiaomi_15_ultra,129.29,8.6195,3.036,3.0,0.948,1171541,15768.55,21390.09,233.89,129.13,129.13,1.8113,0.5221,0,0,ok
IMG_20260912_071630_1.jpg,10,Martinica,,xiaomi_15_ultra,129.02,8.6016,3.042,3.0,0.949,1157295,15641.58,21205.42,233.68,131.02,131.02,1.7835,0.5109,0,0,ok
IMG_20260912_071631.jpg,10,Martinica,,xiaomi_15_ultra,129.52,8.635,3.031,3.0,0.946,1155847,15501.68,21038.74,232.77,127.5,126.81,1.8256,0.5223,0,0,ok
IMG_20260912_071632.jpg,10,Martinica,,xiaomi_15_ultra,129.52,8.635,3.031,3.0,0.938,1138773,15272.69,20727.96,231.27,130.4,130.4,1.7735,0.5064,0,0,ok
IMG_20260912_071632_1.jpg,10,Martinica,,xiaomi_15_ultra,130.02,8.6683,3.019,3.0,0.937,1122544,14939.47,20297.89,229.57,126.21,126.21,1.819,0.5156,0,1,ok
IMG_20260912_071633.jpg,10,Martinica,,xiaomi_15_ultra,130.52,8.7013,3.007,3.0,0.851,1128695,14907.78,20276.72,228.82,128.72,127.91,1.7777,0.5062,0,1,ok
IMG_20260912_071633_1.jpg,10,Martinica,,xiaomi_15_ultra,130.03,8.6689,3.019,3.0,0.942,1147446,15268.71,20745.64,230.25,129.2,126.2,1.7821,0.5133,0,1,ok
IMG_20260912_071634.jpg,10,Martinica,,xiaomi_15_ultra,130.03,8.6689,3.019,3.0,0.936,1139233,15159.42,20597.15,231.06,128.51,125.51,1.798,0.5106,0,1,ok
IMG_20260912_071639.jpg,10,Martinica,,xiaomi_15_ultra,111.27,7.4181,3.528,3.5,0.929,928907,16880.52,22004.76,239.82,132.78,131.17,1.8061,0.5301,0,0,ok
IMG_20260912_071640.jpg,10,Martinica,,xiaomi_15_ultra,111.54,7.4359,3.519,3.5,0.942,924563,16721.26,21810.14,240.19,130.04,130.04,1.8469,0.5353,0,0,ok
IMG_20260912_071640_1.jpg,10,Martinica,,xiaomi_15_ultra,111.8,7.4533,3.511,3.5,0.948,966188,17392.82,22699.25,244.73,133.1,133.1,1.8387,0.534,0,0,ok
IMG_20260912_071641.jpg,10,Martinica,,xiaomi_15_ultra,112.29,7.4859,3.496,3.5,0.888,934674,16678.89,21791.31,241.12,130.78,130.78,1.8437,0.5289,0,0,ok
IMG_20260912_071642.jpg,10,Martinica,,xiaomi_15_ultra,111.53,7.4353,3.52,3.5,0.927,949244,17170.39,22395.51,241.01,133.42,130.06,1.8065,0.534,0,0,ok
IMG_20260912_071642_1.jpg,10,Martinica,,xiaomi_15_ultra,111.03,7.402,3.535,3.5,0.9,959611,17514.59,22818.98,244.8,133.21,133.21,1.8377,0.5371,0,0,ok
IMG_20260912_071643.jpg,10,Martinica,,xiaomi_15_ultra,110.76,7.3839,3.544,3.5,0.896,900523,16516.86,21506.04,241.88,133.53,133.53,1.8114,0.5114,0,0,ok
IMG_20260912_071643_1.jpg,10,Martinica,,xiaomi_15_ultra,110.02,7.3344,3.568,3.5,0.935,963949,17919.43,23293.65,255.78,137.98,137.03,1.8538,0.5077,1,0,ok
IMG_20260912_071644.jpg,10,Martinica,,xiaomi_15_ultra,109.02,7.2682,3.6,3.5,0.934,923792,17487.17,22681.34,247.38,137.31,135.52,1.8016,0.5148,0,0,ok
IMG_20260912_071644_1.jpg,10,Martinica,,xiaomi_15_ultra,107.79,7.1859,3.642,3.5,0.761,954088,18476.71,23898.67,250.21,139.02,135.4,1.7998,0.5312,0,0,ok
IMG_20260912_071648.jpg,10,Martinica,,xiaomi_15_ultra,129.03,8.6019,3.042,3.0,0.94,1212154,16382.0,22209.41,241.11,131.71,131.71,1.8305,0.5158,0,0,ok
IMG_20260912_071648_1.jpg,10,Martinica,,xiaomi_15_ultra,128.53,8.5684,3.054,3.0,0.943,1221132,16632.91,22524.73,240.54,132.93,132.11,1.8095,0.5202,0,0,ok
IMG_20260912_071649.jpg,10,Martinica,,xiaomi_15_ultra,129.03,8.6017,3.042,3.0,0.929,1177372,15912.83,21573.17,239.49,130.9,130.9,1.8295,0.5076,0,0,ok
IMG_20260912_071649_1.jpg,10,Martinica,,xiaomi_15_ultra,128.77,8.5847,3.048,3.0,0.935,1222584,16589.33,22477.78,239.26,131.98,131.98,1.8129,0.5253,0,0,ok
IMG_20260912_071650.jpg,10,Martinica,,xiaomi_15_ultra,129.02,8.6012,3.042,3.0,0.935,1165280,15751.27,21353.79,238.11,130.91,130.91,1.8188,0.5053,0,0,ok
IMG_20260912_071650_1.jpg,10,Martinica,,xiaomi_15_ultra,128.79,8.5857,3.048,3.0,0.915,1196133,16226.45,21986.85,238.53,133.36,133.36,1.7886,0.5101,0,0,ok
IMG_20260912_071654.jpg,10,Martinica,,xiaomi_15_ultra,160.81,10.7209,2.441,2.5,0.952,1673551,14560.63,21136.77,229.18,126.58,124.71,1.8106,0.5019,0,0,ok
IMG_20260912_071655.jpg,10,Martinica,,xiaomi_15_ultra,178.55,11.9032,2.198,2.5,0.953,1743258,12303.66,18536.51,200.62,114.0,112.91,1.7598,0.538,0,0,ok
IMG_20260912_071656.jpg,10,Martinica,,xiaomi_15_ultra,173.25,11.5503,2.266,2.5,0.958,1738863,13033.97,19421.65,208.91,119.13,116.36,1.7536,0.5237,0,0,ok
IMG_20260912_071656_1.jpg,10,Martinica,,xiaomi_15_ultra,161.09,10.7392,2.437,2.5,0.946,1674568,14519.83,21089.79,220.5,126.92,125.15,1.7373,0.5188,0,0,ok
IMG_20260912_071657.jpg,10,Martinica,,xiaomi_15_ultra,160.26,10.6841,2.449,2.5,0.93,1582588,13864.12,20102.24,218.64,125.23,124.02,1.7459,0.5063,0,0,ok
IMG_20260912_071657_1.jpg,10,Martinica,,xiaomi_15_ultra,160.25,10.6835,2.449,2.5,0.922,1628666,14269.41,20689.49,221.0,125.24,123.46,1.7646,0.5156,0,0,ok
IMG_20260912_071658.jpg,10,Martinica,,xiaomi_15_ultra,159.76,10.6506,2.457,2.5,0.924,1599067,14096.84,20417.92,219.89,125.53,125.53,1.7517,0.5107,0,0,ok
IMG_20260912_071658_1.jpg,10,Martinica,,xiaomi_15_ultra,159.76,10.6506,2.457,2.5,0.917,1619693,14278.67,20681.28,221.12,127.41,127.41,1.7354,0.5068,0,0,ok
IMG_20260912_071659.jpg,10,Martinica,,xiaomi_15_ultra,159.76,10.6505,2.457,2.5,0.921,1615643,14243.21,20629.86,222.34,125.53,125.53,1.7711,0.5103,0,0,ok
IMG_20260912_071916.jpg,11,Crisalia,197257,xiaomi_15_ultra,162.37,10.8247,2.418,2.5,0.958,1626254,13878.93,20213.61,217.56,131.27,131.27,1.6573,0.486,0,0,ok
IMG_20260912_071916_1.jpg,11,Crisalia,197257,xiaomi_15_ultra,162.33,10.822,2.418,2.5,0.956,1620690,13838.38,20152.82,220.01,130.11,126.78,1.6911,0.4834,0,0,ok
IMG_20260912_071917.jpg,11,Crisalia,197257,xiaomi_15_ultra,162.07,10.8048,2.422,2.5,0.962,1656364,14188.11,20650.86,223.88,132.07,126.15,1.6952,0.4798,0,0,ok
IMG_20260912_071917_1.jpg,11,Crisalia,197257,xiaomi_15_ultra,162.07,10.8046,2.422,2.5,0.961,1664460,14257.92,20752.36,223.33,133.83,126.71,1.6687,0.477,0,0,ok
IMG_20260912_071918.jpg,11,Crisalia,197257,xiaomi_15_ultra,162.08,10.8056,2.422,2.5,0.96,1645248,14090.76,20509.7,225.07,134.47,128.54,1.6738,0.4656,0,0,ok
IMG_20260912_071918_1.jpg,11,Crisalia,197257,xiaomi_15_ultra,162.8,10.8533,2.411,2.5,0.962,1665677,14140.59,20613.34,224.08,132.68,125.58,1.6889,0.4756,0,0,ok
IMG_20260912_071919.jpg,11,Crisalia,197257,xiaomi_15_ultra,162.55,10.8369,2.415,2.5,0.961,1660842,14142.24,20605.05,223.77,134.08,128.17,1.669,0.4714,0,0,ok
IMG_20260912_071919_1.jpg,11,Crisalia,197257,xiaomi_15_ultra,162.33,10.8219,2.418,2.5,0.96,1669073,14251.78,20754.78,225.28,133.71,127.15,1.6849,0.4731,0,0,ok
IMG_20260912_071925.jpg,11,Crisalia,197257,xiaomi_15_ultra,134.56,8.9707,2.917,3.0,0.955,1165057,14477.45,19865.66,229.08,131.32,128.42,1.7445,0.4813,1,1,ok
IMG_20260912_071925_1.jpg,11,Crisalia,197257,xiaomi_15_ultra,134.56,8.9705,2.917,3.0,0.927,1173398,14581.91,20008.83,229.75,126.3,124.19,1.8191,0.5025,1,0,ok
IMG_20260912_071926.jpg,11,Crisalia,197257,xiaomi_15_ultra,134.56,8.9705,2.917,3.0,0.951,1188914,14774.71,20273.39,230.42,130.54,127.64,1.7652,0.4912,1,0,ok
IMG_20260912_071927.jpg,11,Crisalia,197257,xiaomi_15_ultra,134.32,8.9545,2.922,3.0,0.95,1170188,14593.99,20014.97,230.16,129.99,127.2,1.7706,0.4878,1,1,ok
IMG_20260912_071927_1.jpg,11,Crisalia,197257,xiaomi_15_ultra,134.83,8.9887,2.911,3.0,0.893,1164013,14406.82,19780.31,229.18,127.49,125.27,1.7976,0.4931,0,0,ok
IMG_20260912_071928.jpg,11,Crisalia,197257,xiaomi_15_ultra,134.83,8.9887,2.911,3.0,0.929,1172345,14509.94,19921.89,229.96,126.72,125.38,1.8147,0.498,0,0,ok
IMG_20260912_071928_1.jpg,11,Crisalia,197257,xiaomi_15_ultra,134.59,8.9728,2.916,3.0,0.93,1153936,14332.65,19668.29,220.33,124.82,124.04,1.7652,0.5211,1,0,ok
IMG_20260912_071936.jpg,11,Crisalia,197257,xiaomi_15_ultra,113.29,7.5527,3.465,3.5,0.946,873101,15305.87,20042.1,236.47,135.58,127.11,1.7441,0.4774,1,0,ok
IMG_20260912_071937.jpg,11,Crisalia,197257,xiaomi_15_ultra,113.8,7.5866,3.449,3.5,0.949,884370,15365.13,20142.49,237.13,137.48,129.83,1.7248,0.4713,1,0,ok
IMG_20260912_071937_1.jpg,11,Crisalia,197257,xiaomi_15_ultra,113.8,7.5865,3.449,3.5,0.95,891451,15488.78,20304.48,237.0,141.7,130.76,1.6726,0.4612,1,0,ok
IMG_20260912_071938.jpg,11,Crisalia,197257,xiaomi_15_ultra,113.79,7.586,3.45,3.5,0.947,889528,15457.19,20262.77,237.01,139.2,129.18,1.7027,0.4685,1,0,ok
IMG_20260912_071938_1.jpg,11,Crisalia,197257,xiaomi_15_ultra,113.29,7.5527,3.465,3.5,0.949,883905,15495.27,20290.11,237.27,138.23,128.83,1.7165,0.4725,1,0,ok
IMG_20260912_071939.jpg,11,Crisalia,197257,xiaomi_15_ultra,113.79,7.586,3.45,3.5,0.625,893410,15524.64,20351.19,237.94,137.49,126.55,1.7306,0.4746,1,0,ok
IMG_20260912_071939_1.jpg,11,Crisalia,197257,xiaomi_15_ultra,114.29,7.6194,3.435,3.5,0.951,891911,15363.3,20162.1,234.27,140.3,130.19,1.6698,0.4674,1,0,ok
IMG_20260912_071940.jpg,11,Crisalia,197257,xiaomi_15_ultra,115.04,7.6694,3.412,3.5,0.945,902883,15349.96,20178.24,233.66,135.21,127.65,1.7281,0.4859,1,0,ok
IMG_20260912_071943.jpg,11,Crisalia,197257,xiaomi_15_ultra,131.3,8.7535,2.99,3.0,0.95,1206296,15743.16,21449.62,241.28,141.89,134.12,1.7005,0.4599,1,1,ok
IMG_20260912_071944.jpg,11,Crisalia,197257,xiaomi_15_ultra,131.57,8.7715,2.983,3.0,0.951,1208928,15712.9,21420.99,240.1,141.48,134.19,1.697,0.4626,1,1,ok
IMG_20260912_071945.jpg,11,Crisalia,197257,xiaomi_15_ultra,131.3,8.7532,2.99,3.0,0.941,1199173,15651.15,21324.07,237.63,138.92,132.29,1.7105,0.4741,1,1,ok
IMG_20260912_071950.jpg,11,Crisalia,197257,xiaomi_15_ultra,160.06,10.6705,2.452,2.5,0.957,1605332,14099.2,20434.28,228.57,130.17,124.36,1.7559,0.4739,0,0,ok
IMG_20260912_071951.jpg,11,Crisalia,197257,xiaomi_15_ultra,160.65,10.7099,2.443,2.5,0.956,1656168,14438.98,20952.88,227.08,135.67,125.02,1.6738,0.4687,0,0,ok
IMG_20260912_071952.jpg,11,Crisalia,197257,xiaomi_15_ultra,161.42,10.7611,2.432,2.5,0.956,1654875,14290.65,20771.35,227.86,134.47,123.69,1.6945,0.4664,0,0,ok
IMG_20260912_072212.jpg,12,Oscarina,207913,xiaomi_15_ultra,147.31,9.8208,2.665,2.5,0.936,1453420,15069.32,21255.23,213.73,147.85,138.79,1.4456,0.4769,0,0,ok
IMG_20260912_072213.jpg,12,Oscarina,207913,xiaomi_15_ultra,146.79,9.7861,2.674,2.5,0.945,1447022,15109.55,21288.19,212.55,145.21,135.4,1.4638,0.4896,0,0,ok
IMG_20260912_072213_1.jpg,12,Oscarina,207913,xiaomi_15_ultra,147.0,9.8001,2.67,2.5,0.948,1452837,15127.12,21322.52,213.57,145.0,135.92,1.4729,0.4885,0,0,ok
IMG_20260912_072214.jpg,12,Oscarina,207913,xiaomi_15_ultra,146.75,9.7833,2.675,2.5,0.954,1445359,15100.96,21274.14,213.94,143.2,134.72,1.4939,0.4929,0,0,ok
IMG_20260912_072214_1.jpg,12,Oscarina,207913,xiaomi_15_ultra,146.75,9.7833,2.675,2.5,0.951,1437496,15018.81,21158.41,213.94,144.53,137.38,1.4802,0.4857,0,0,ok
IMG_20260912_072215.jpg,12,Oscarina,207913,xiaomi_15_ultra,146.46,9.7642,2.68,2.5,0.951,1463616,15351.52,21613.85,222.85,148.19,140.92,1.5038,0.4648,0,0,ok
IMG_20260912_072215_1.jpg,12,Oscarina,207913,xiaomi_15_ultra,146.7,9.78,2.676,2.5,0.952,1493292,15612.15,21992.0,225.77,145.91,137.42,1.5473,0.4739,0,0,ok
IMG_20260912_072216.jpg,12,Oscarina,207913,xiaomi_15_ultra,146.7,9.78,2.676,2.5,0.945,1489396,15571.45,21934.66,229.65,145.3,135.48,1.5806,0.4667,0,0,ok
IMG_20260912_072216_1.jpg,12,Oscarina,207913,xiaomi_15_ultra,146.74,9.7828,2.675,2.5,0.94,1471599,15376.72,21662.27,228.97,147.81,138.0,1.5491,0.4543,0,0,ok
IMG_20260912_072216_2.jpg,12,Oscarina,207913,xiaomi_15_ultra,145.96,9.7304,2.689,2.5,0.95,1483456,15668.07,22035.48,230.93,146.65,136.79,1.5746,0.4626,0,0,ok
IMG_20260912_072217.jpg,12,Oscarina,207913,xiaomi_15_ultra,146.23,9.7484,2.684,2.5,0.947,1483794,15613.88,21972.0,229.17,148.33,137.87,1.545,0.4593,0,0,ok
IMG_20260912_072222.jpg,12,Oscarina,207913,xiaomi_15_ultra,123.1,8.2069,3.189,3.0,0.945,1059634,15732.47,21053.21,228.47,144.27,135.74,1.5836,0.4773,0,1,ok
IMG_20260912_072223.jpg,12,Oscarina,207913,xiaomi_15_ultra,122.87,8.1914,3.195,3.0,0.947,1063331,15847.23,21195.92,230.49,143.69,135.87,1.6041,0.4785,0,0,ok
IMG_20260912_072223_1.jpg,12,Oscarina,207913,xiaomi_15_ultra,122.63,8.1756,3.201,3.0,0.943,1058593,15837.53,21171.91,227.75,143.35,136.26,1.5887,0.4851,0,0,ok
IMG_20260912_072224.jpg,12,Oscarina,207913,xiaomi_15_ultra,122.15,8.1434,3.214,3.0,0.938,1057652,15949.02,21298.23,229.51,141.46,133.61,1.6224,0.4912,0,0,ok
IMG_20260912_072225.jpg,12,Oscarina,207913,xiaomi_15_ultra,122.13,8.1419,3.214,3.0,0.942,1056105,15931.63,21273.94,227.96,142.35,135.96,1.6014,0.491,0,0,ok
IMG_20260912_072225_1.jpg,12,Oscarina,207913,xiaomi_15_ultra,122.39,8.159,3.207,3.0,0.923,1043615,15677.09,20945.92,222.09,140.34,134.08,1.5825,0.503,0,0,ok
IMG_20260912_072226.jpg,12,Oscarina,207913,xiaomi_15_ultra,122.11,8.1407,3.215,3.0,0.937,1026033,15482.55,20673.45,214.6,139.18,132.91,1.5419,0.5184,0,0,ok
IMG_20260912_072226_1.jpg,12,Oscarina,207913,xiaomi_15_ultra,122.13,8.1419,3.214,3.0,0.924,1029480,15529.82,20737.42,213.1,138.3,133.63,1.5409,0.527,0,0,ok
IMG_20260912_072226_2.jpg,12,Oscarina,207913,xiaomi_15_ultra,122.36,8.1575,3.208,3.0,0.935,1009559,15171.11,20268.88,205.58,136.56,134.23,1.5054,0.5404,0,0,ok
IMG_20260912_072227.jpg,12,Oscarina,207913,xiaomi_15_ultra,122.34,8.1563,3.208,3.0,0.936,994986,14956.51,19981.38,204.87,138.05,134.99,1.484,0.5288,0,0,ok
IMG_20260912_072227_1.jpg,12,Oscarina,207913,xiaomi_15_ultra,123.05,8.2035,3.19,3.0,0.913,1004067,14919.77,19963.42,212.23,134.94,134.09,1.5727,0.521,0,1,ok
IMG_20260912_072234.jpg,12,Oscarina,207913,xiaomi_15_ultra,106.04,7.0693,3.702,3.5,0.948,788456,15776.83,20326.67,219.96,135.8,135.8,1.6198,0.5282,0,0,ok
IMG_20260912_072234_1.jpg,12,Oscarina,207913,xiaomi_15_ultra,106.02,7.0682,3.702,3.5,0.953,797201,15956.79,20557.76,224.53,134.97,134.97,1.6635,0.5266,0,0,ok
IMG_20260912_072235.jpg,12,Oscarina,207913,xiaomi_15_ultra,106.04,7.0693,3.702,3.5,0.954,806111,16130.11,20781.83,228.17,138.49,138.49,1.6476,0.5105,0,0,ok
IMG_20260912_072235_1.jpg,12,Oscarina,207913,xiaomi_15_ultra,106.28,7.0851,3.693,3.5,0.955,784277,15623.32,20139.59,223.99,135.49,134.65,1.6531,0.5148,0,0,ok
IMG_20260912_072236.jpg,12,Oscarina,207913,xiaomi_15_ultra,106.28,7.0851,3.693,3.5,0.955,762937,15198.21,19591.59,217.64,137.33,134.65,1.5848,0.5085,0,0,ok
IMG_20260912_072237.jpg,12,Oscarina,207913,xiaomi_15_ultra,106.28,7.0851,3.693,3.5,0.956,788759,15712.6,20254.68,224.13,138.18,136.34,1.6221,0.5074,0,0,ok
IMG_20260912_072237_1.jpg,12,Oscarina,207913,xiaomi_15_ultra,106.54,7.1023,3.685,3.5,0.955,784110,15544.39,20049.45,219.93,136.01,134.32,1.617,0.5197,0,0,ok
IMG_20260912_072238.jpg,12,Oscarina,207913,xiaomi_15_ultra,107.03,7.1355,3.667,3.5,0.943,806065,15831.41,20442.45,238.67,136.22,136.22,1.7521,0.487,1,0,ok
IMG_20260912_072238_1.jpg,12,Oscarina,207913,xiaomi_15_ultra,106.52,7.1014,3.685,3.5,0.948,771030,15289.13,19719.59,211.79,135.18,135.18,1.5667,0.534,0,0,ok
IMG_20260912_072239.jpg,12,Oscarina,207913,xiaomi_15_ultra,106.54,7.1024,3.685,3.5,0.946,798666,15832.92,20421.61,227.11,136.86,134.18,1.6595,0.5094,0,0,ok
IMG_20260912_072244.jpg,12,Oscarina,207913,xiaomi_15_ultra,119.32,7.9544,3.29,3.5,0.94,1065615,16841.79,22350.09,238.99,140.05,137.66,1.7065,0.5032,0,0,ok
IMG_20260912_072245.jpg,12,Oscarina,207913,xiaomi_15_ultra,119.29,7.953,3.29,3.5,0.933,1074404,16986.62,22541.25,239.03,140.83,137.56,1.6973,0.5046,0,0,ok
IMG_20260912_072245_1.jpg,12,Oscarina,207913,xiaomi_15_ultra,119.05,7.9365,3.297,3.5,0.938,1062114,16861.96,22363.62,236.25,143.51,137.09,1.6462,0.4973,0,0,ok
IMG_20260912_072246.jpg,12,Oscarina,207913,xiaomi_15_ultra,118.81,7.9209,3.304,3.5,0.941,1074342,17123.54,22698.76,239.24,147.84,139.76,1.6183,0.4841,0,0,ok
IMG_20260912_072251.jpg,12,Oscarina,207913,xiaomi_15_ultra,139.31,9.2877,2.818,3.0,0.955,1401462,16246.82,22524.64,237.73,146.86,142.02,1.6188,0.4653,0,1,ok
IMG_20260912_072252.jpg,12,Oscarina,207913,xiaomi_15_ultra,139.81,9.3209,2.808,3.0,0.956,1349409,15532.13,21557.0,225.94,142.8,137.97,1.5823,0.4814,0,1,ok
IMG_20260912_072252_1.jpg,12,Oscarina,207913,xiaomi_15_ultra,139.81,9.3205,2.808,3.0,0.957,1396974,16080.86,22318.32,232.71,144.84,139.37,1.6067,0.4771,0,1,ok
IMG_20260912_072253.jpg,12,Oscarina,207913,xiaomi_15_ultra,140.05,9.3369,2.803,3.0,0.956,1369740,15712.09,21818.1,233.05,139.77,135.06,1.6674,0.4824,0,0,ok
IMG_20260912_072518.jpg,13,Minerva,,xiaomi_15_ultra,141.53,9.4356,2.773,3.0,0.877,1321549,14843.85,20678.47,217.05,129.51,124.74,1.6759,0.5281,0,0,ok
IMG_20260912_072518_1.jpg,13,Minerva,,xiaomi_15_ultra,142.54,9.5025,2.754,3.0,0.876,1336191,14797.74,20658.91,226.99,128.6,123.97,1.7651,0.5069,1,0,ok
IMG_20260912_072519.jpg,13,Minerva,,xiaomi_15_ultra,142.3,9.4869,2.758,3.0,0.914,1321053,14678.04,20481.5,218.51,130.18,125.44,1.6785,0.516,0,0,ok
IMG_20260912_072519_1.jpg,13,Minerva,,xiaomi_15_ultra,142.58,9.5051,2.753,3.0,0.784,1332047,14743.82,20585.35,226.2,131.3,125.3,1.7228,0.4964,0,0,ok
IMG_20260912_072520.jpg,13,Minerva,,xiaomi_15_ultra,142.12,9.4746,2.762,3.0,0.872,1355008,15094.58,21054.32,229.67,132.35,125.6,1.7352,0.4966,0,0,ok
IMG_20260912_072521.jpg,13,Minerva,,xiaomi_15_ultra,142.39,9.4924,2.757,3.0,0.87,1347275,14952.3,20867.86,229.87,132.11,125.57,1.74,0.4924,0,0,ok
IMG_20260912_072521_1.jpg,13,Minerva,,xiaomi_15_ultra,142.39,9.4929,2.757,3.0,0.921,1376758,15277.63,21322.3,229.22,132.1,125.57,1.7352,0.5045,0,0,ok
IMG_20260912_072522.jpg,13,Minerva,,xiaomi_15_ultra,142.33,9.4885,2.758,3.0,0.906,1307775,14525.82,20270.1,226.59,130.9,124.36,1.7311,0.4897,0,0,ok
IMG_20260912_072527.jpg,13,Minerva,,xiaomi_15_ultra,121.6,8.1069,3.228,3.0,0.915,1024613,15590.22,20793.98,228.94,136.55,127.18,1.6766,0.4987,0,0,ok
IMG_20260912_072528.jpg,13,Minerva,,xiaomi_15_ultra,121.34,8.0894,3.235,3.0,0.927,1016068,15527.22,20697.95,228.57,136.97,127.57,1.6688,0.496,0,0,ok
IMG_20260912_072529.jpg,13,Minerva,,xiaomi_15_ultra,121.3,8.0869,3.236,3.0,0.92,1022923,15641.68,20848.79,226.29,134.54,125.39,1.682,0.5138,0,0,ok
IMG_20260912_072529_1.jpg,13,Minerva,,xiaomi_15_ultra,121.07,8.0717,3.242,3.0,0.924,1023457,15708.82,20927.76,229.94,135.54,126.86,1.6965,0.5041,0,0,ok
IMG_20260912_072530.jpg,13,Minerva,,xiaomi_15_ultra,121.59,8.1059,3.228,3.0,0.927,1007681,15336.13,20454.44,225.76,134.22,125.46,1.682,0.5061,0,0,ok
IMG_20260912_072530_1.jpg,13,Minerva,,xiaomi_15_ultra,121.31,8.0875,3.236,3.0,0.936,1028677,15727.04,20963.04,231.84,136.14,126.12,1.703,0.4983,0,0,ok
IMG_20260912_072531.jpg,13,Minerva,,xiaomi_15_ultra,121.31,8.0876,3.236,3.0,0.946,1025231,15674.22,20892.66,231.84,136.88,126.61,1.6938,0.4939,0,0,ok
IMG_20260912_072531_1.jpg,13,Minerva,,xiaomi_15_ultra,121.34,8.0894,3.235,3.0,0.932,1027975,15709.18,20940.5,231.79,135.24,126.59,1.7139,0.5011,0,0,ok
IMG_20260912_072532.jpg,13,Minerva,,xiaomi_15_ultra,121.6,8.1069,3.228,3.0,0.865,1022691,15560.98,20754.98,232.03,135.81,125.94,1.7084,0.4938,0,0,ok
IMG_20260912_072533.jpg,13,Minerva,,xiaomi_15_ultra,122.37,8.1583,3.208,3.0,0.937,1017508,15287.52,20424.96,228.36,134.1,125.03,1.7029,0.4992,0,1,ok
IMG_20260912_072533_1.jpg,13,Minerva,,xiaomi_15_ultra,121.86,8.1238,3.221,3.0,0.91,1026102,15548.0,20749.26,230.07,133.93,124.45,1.7178,0.5046,0,0,ok
IMG_20260912_072534.jpg,13,Minerva,,xiaomi_15_ultra,122.62,8.1748,3.201,3.0,0.918,1024604,15332.29,20495.9,227.9,133.95,122.94,1.7014,0.5023,0,1,ok
IMG_20260912_072539.jpg,13,Minerva,,xiaomi_15_ultra,104.41,6.9606,3.76,3.5,0.843,795984,16428.78,21089.25,238.2,140.79,129.73,1.6918,0.4899,0,0,ok
IMG_20260912_072539_1.jpg,13,Minerva,,xiaomi_15_ultra,104.41,6.9605,3.76,3.5,0.761,777764,16053.5,20607.39,228.0,141.66,130.59,1.6095,0.497,0,0,ok
IMG_20260912_072540.jpg,13,Minerva,,xiaomi_15_ultra,104.66,6.9777,3.75,3.5,0.893,795852,16346.06,20995.1,236.61,141.31,128.84,1.6744,0.4889,0,0,ok
IMG_20260912_072540_1.jpg,13,Minerva,,xiaomi_15_ultra,105.92,7.0616,3.706,3.5,0.827,787902,15800.49,20351.82,232.95,136.8,125.04,1.7029,0.4958,0,0,ok
IMG_20260912_072541.jpg,13,Minerva,,xiaomi_15_ultra,105.41,7.027,3.724,3.5,0.587,764701,15486.25,19923.89,232.25,138.47,128.5,1.6773,0.4816,0,0,ok
IMG_20260912_072541_1.jpg,13,Minerva,,xiaomi_15_ultra,105.46,7.0307,3.722,3.5,0.844,770135,15580.16,20047.16,232.13,134.7,126.59,1.7233,0.4983,0,0,ok
IMG_20260912_072542.jpg,13,Minerva,,xiaomi_15_ultra,104.92,6.9949,3.741,3.5,0.791,776984,15879.94,20408.27,232.31,137.24,127.24,1.6927,0.4981,0,0,ok
IMG_20260912_072542_1.jpg,13,Minerva,,xiaomi_15_ultra,104.87,6.9916,3.743,3.5,0.906,785102,16061.2,20638.89,234.28,139.02,129.01,1.6852,0.4931,0,0,ok
IMG_20260912_072543.jpg,13,Minerva,,xiaomi_15_ultra,105.19,7.0127,3.732,3.5,0.872,779275,15846.1,20376.99,232.72,138.75,125.91,1.6773,0.4907,0,0,ok
IMG_20260912_072544.jpg,13,Minerva,,xiaomi_15_ultra,105.37,7.0248,3.725,3.5,0.887,791282,16034.67,20627.92,233.17,136.66,126.69,1.7063,0.5032,0,0,ok
IMG_20260912_072544_1.jpg,13,Minerva,,xiaomi_15_ultra,105.4,7.0264,3.724,3.5,0.909,772766,15652.28,20137.08,231.27,136.63,126.66,1.6927,0.4954,0,0,ok
IMG_20260912_072547.jpg,13,Minerva,,xiaomi_15_ultra,119.03,7.9356,3.298,3.5,0.936,962053,15277.08,20260.99,230.73,132.19,124.12,1.7455,0.5009,0,0,ok
IMG_20260912_072548.jpg,13,Minerva,,xiaomi_15_ultra,119.28,7.9518,3.291,3.5,0.93,959453,15173.88,20134.93,227.75,129.53,124.0,1.7583,0.5144,0,0,ok
IMG_20260912_072548_1.jpg,13,Minerva,,xiaomi_15_ultra,118.81,7.9206,3.304,3.5,0.929,980554,15630.03,20718.75,229.4,133.32,126.76,1.7206,0.511,0,0,ok
IMG_20260912_072549.jpg,13,Minerva,,xiaomi_15_ultra,118.82,7.9216,3.304,3.5,0.931,980797,15629.95,20719.33,227.73,133.31,127.63,1.7083,0.5148,0,0,ok
IMG_20260912_072549_1.jpg,13,Minerva,,xiaomi_15_ultra,119.09,7.9392,3.296,3.5,0.928,960937,15245.34,20221.35,222.57,133.01,126.59,1.6733,0.515,0,0,ok
IMG_20260912_072553.jpg,13,Minerva,,xiaomi_15_ultra,140.64,9.3759,2.791,3.0,0.552,1334338,15179.03,21104.53,230.06,135.88,124.9,1.6931,0.4856,0,0,ok
IMG_20260912_072554.jpg,13,Minerva,,xiaomi_15_ultra,140.34,9.3558,2.797,3.0,0.632,1308500,14949.0,20771.19,231.94,135.42,125.16,1.7127,0.4759,0,1,ok
IMG_20260912_072554_1.jpg,13,Minerva,,xiaomi_15_ultra,140.36,9.357,2.797,3.0,0.925,1339548,15299.77,21259.41,231.91,134.77,125.15,1.7209,0.4895,0,1,ok
IMG_20260912_072555.jpg,13,Minerva,,xiaomi_15_ultra,140.34,9.3558,2.797,3.0,0.779,1328187,15173.91,21083.7,232.58,134.68,125.8,1.727,0.4844,0,1,ok
IMG_20260912_072555_1.jpg,13,Minerva,,xiaomi_15_ultra,140.58,9.372,2.792,3.0,0.691,1334210,15189.94,21117.09,231.43,135.19,125.59,1.7119,0.4855,0,0,ok
IMG_20260912_072754.jpg,14,Carlina,207902,xiaomi_15_ultra,166.06,11.0706,2.364,2.5,0.858,1452263,11849.68,17392.77,176.32,137.57,123.75,1.2817,0.4885,1,0,ok
IMG_20260912_072755.jpg,14,Carlina,207902,xiaomi_15_ultra,165.55,11.0365,2.371,2.5,0.874,1433722,11770.7,17258.29,175.69,137.45,125.22,1.2782,0.4874,1,0,ok
IMG_20260912_072755_1.jpg,14,Carlina,207902,xiaomi_15_ultra,164.8,10.9867,2.382,2.5,0.943,1461633,12108.84,17726.19,177.67,142.08,124.97,1.2505,0.4797,1,0,ok
IMG_20260912_072756.jpg,14,Carlina,207902,xiaomi_15_ultra,165.5,11.0336,2.372,2.5,0.919,1509996,12403.36,18184.25,190.24,142.11,126.43,1.3386,0.4588,1,0,ok
IMG_20260912_072756_1.jpg,14,Carlina,207902,xiaomi_15_ultra,166.23,11.0823,2.361,2.5,0.917,1513914,12326.65,18099.53,193.46,124.16,122.18,1.5581,0.5132,1,0,ok
IMG_20260912_072757.jpg,14,Carlina,207902,xiaomi_15_ultra,166.47,11.0978,2.358,2.5,0.943,1555588,12630.42,18554.68,196.61,132.01,125.43,1.4894,0.4866,1,0,ok
IMG_20260912_072758.jpg,14,Carlina,207902,xiaomi_15_ultra,166.19,11.0794,2.362,2.5,0.947,1564799,12747.5,18715.8,201.0,134.03,127.08,1.4997,0.4732,1,0,ok
IMG_20260912_072759.jpg,14,Carlina,207902,xiaomi_15_ultra,166.19,11.0794,2.362,2.5,0.871,1576529,12843.06,18856.1,204.43,134.03,126.54,1.5253,0.4687,1,0,ok
IMG_20260912_072806.jpg,14,Carlina,207902,xiaomi_15_ultra,138.32,9.2212,2.838,3.0,0.937,1195936,14064.93,19457.59,223.51,133.93,129.7,1.6688,0.4699,1,0,ok
IMG_20260912_072806_1.jpg,14,Carlina,207902,xiaomi_15_ultra,138.3,9.2199,2.838,3.0,0.942,1209210,14224.85,19678.04,225.6,129.83,129.83,1.7377,0.4857,1,0,ok
IMG_20260912_072807.jpg,14,Carlina,207902,xiaomi_15_ultra,138.3,9.2199,2.838,3.0,0.93,1188690,13983.45,19344.1,220.72,129.18,129.18,1.7086,0.4904,1,0,ok
IMG_20260912_072807_1.jpg,14,Carlina,207902,xiaomi_15_ultra,138.54,9.2359,2.833,3.0,0.939,1204221,14117.14,19539.19,222.39,128.84,128.41,1.7261,0.4927,1,0,ok
IMG_20260912_072808.jpg,14,Carlina,207902,xiaomi_15_ultra,138.29,9.2192,2.839,3.0,0.943,1198389,14099.81,19504.6,222.8,130.49,130.16,1.7074,0.485,1,0,ok
IMG_20260912_072808_1.jpg,14,Carlina,207902,xiaomi_15_ultra,138.29,9.2192,2.839,3.0,0.914,1196406,14076.48,19472.32,224.21,129.84,128.64,1.7268,0.4836,1,0,ok
IMG_20260912_072809.jpg,14,Carlina,207902,xiaomi_15_ultra,138.77,9.2516,2.829,3.0,0.932,1209812,14134.47,19573.18,223.42,130.14,130.14,1.7168,0.4861,1,0,ok
IMG_20260912_072809_1.jpg,14,Carlina,207902,xiaomi_15_ultra,139.04,9.2692,2.823,3.0,0.939,1191392,13866.53,19213.1,219.54,127.73,126.44,1.7188,0.4945,1,0,ok
IMG_20260912_072810.jpg,14,Carlina,207902,xiaomi_15_ultra,138.53,9.2356,2.833,3.0,0.927,1212757,14218.03,19678.66,224.56,129.61,129.61,1.7327,0.4885,1,0,ok
IMG_20260912_072810_1.jpg,14,Carlina,207902,xiaomi_15_ultra,138.29,9.2193,2.838,3.0,0.936,1197092,14084.19,19483.06,217.26,129.08,129.08,1.6832,0.5022,0,0,ok
IMG_20260912_072811.jpg,14,Carlina,207902,xiaomi_15_ultra,138.03,9.2018,2.844,3.0,0.92,1220073,14409.11,19921.23,221.8,128.67,128.34,1.7238,0.5049,1,0,ok
IMG_20260912_072811_1.jpg,14,Carlina,207902,xiaomi_15_ultra,138.29,9.2194,2.838,3.0,0.926,1210898,14246.27,19707.35,219.32,128.42,128.42,1.7078,0.5058,1,0,ok
IMG_20260912_072812.jpg,14,Carlina,207902,xiaomi_15_ultra,138.79,9.2527,2.828,3.0,0.924,1196256,13972.79,19349.97,215.83,127.96,127.96,1.6867,0.5059,0,0,ok
IMG_20260912_072812_1.jpg,14,Carlina,207902,xiaomi_15_ultra,138.54,9.2359,2.833,3.0,0.926,1185162,13893.71,19229.94,213.51,128.2,128.2,1.6655,0.5076,0,0,ok
IMG_20260912_072813.jpg,14,Carlina,207902,xiaomi_15_ultra,138.58,9.2386,2.833,3.0,0.951,1240326,14532.01,20115.14,222.33,130.21,130.21,1.7074,0.502,0,0,ok
IMG_20260912_072817.jpg,14,Carlina,207902,xiaomi_15_ultra,117.05,7.803,3.354,3.5,0.926,913603,15004.85,19812.51,227.99,134.56,129.69,1.6943,0.4891,0,0,ok
IMG_20260912_072818.jpg,14,Carlina,207902,xiaomi_15_ultra,117.05,7.803,3.354,3.5,0.888,918711,15088.74,19923.28,227.99,132.13,129.57,1.7255,0.5009,1,0,ok
IMG_20260912_072818_1.jpg,14,Carlina,207902,xiaomi_15_ultra,116.83,7.7888,3.36,3.5,0.916,908748,14979.76,19770.01,224.3,129.03,129.03,1.7383,0.5176,1,0,ok
IMG_20260912_072819.jpg,14,Carlina,207902,xiaomi_15_ultra,117.04,7.8025,3.354,3.5,0.937,903775,14845.57,19601.83,221.47,126.24,126.24,1.7543,0.531,1,0,ok
IMG_20260912_072819_1.jpg,14,Carlina,207902,xiaomi_15_ultra,117.03,7.8019,3.354,3.5,0.941,917291,15069.87,19897.6,220.59,131.25,131.25,1.6807,0.5205,0,0,ok
IMG_20260912_072820.jpg,14,Carlina,207902,xiaomi_15_ultra,117.03,7.8022,3.354,3.5,0.924,919681,15108.05,19948.2,219.81,127.14,127.14,1.7288,0.5406,0,0,ok
IMG_20260912_072820_1.jpg,14,Carlina,207902,xiaomi_15_ultra,117.54,7.8359,3.34,3.5,0.907,920631,14993.62,19819.34,223.71,129.91,129.91,1.722,0.5159,1,0,ok
IMG_20260912_072821.jpg,14,Carlina,207902,xiaomi_15_ultra,117.54,7.8358,3.34,3.5,0.916,935610,15238.12,20142.44,230.35,130.68,130.68,1.7627,0.5062,0,0,ok
IMG_20260912_072824.jpg,14,Carlina,207902,xiaomi_15_ultra,134.05,8.9367,2.928,3.0,0.942,1223408,15318.4,20996.29,231.4,131.14,130.7,1.7645,0.5048,0,1,ok
IMG_20260912_072825.jpg,14,Carlina,207902,xiaomi_15_ultra,134.54,8.9693,2.918,3.0,0.899,1173635,14588.67,20017.34,213.28,139.81,129.11,1.5255,0.4892,0,0,ok
IMG_20260912_072825_1.jpg,14,Carlina,207902,xiaomi_15_ultra,134.27,8.9516,2.923,3.0,0.956,1148006,14326.72,19646.54,215.94,146.57,129.36,1.4733,0.4527,1,1,ok
IMG_20260912_072826.jpg,14,Carlina,207902,xiaomi_15_ultra,134.27,8.9514,2.923,3.0,0.94,1136503,14183.55,19450.13,213.15,147.91,128.92,1.4411,0.4499,1,1,ok
IMG_20260912_072827.jpg,14,Carlina,207902,xiaomi_15_ultra,133.78,8.9184,2.934,3.0,0.941,1126659,14165.17,19403.97,213.94,145.65,127.71,1.4688,0.4546,1,1,ok
IMG_20260912_072827_1.jpg,14,Carlina,207902,xiaomi_15_ultra,134.03,8.9355,2.929,3.0,0.957,1127719,14124.25,19358.72,208.38,148.96,131.05,1.3989,0.455,1,1,ok
IMG_20260912_072931.jpg,15,Leonora,,xiaomi_15_ultra,185.25,12.3503,2.119,2.5,0.944,1535494,10066.82,15378.37,182.91,121.78,112.14,1.502,0.4519,1,0,ok
IMG_20260912_072931_1.jpg,15,Leonora,,xiaomi_15_ultra,184.76,12.3171,2.125,2.5,0.936,1521070,10026.16,15300.52,184.46,122.59,111.88,1.5046,0.4434,1,0,ok
IMG_20260912_072932.jpg,15,Leonora,,xiaomi_15_ultra,185.0,12.3336,2.122,2.5,0.932,1506338,9902.45,15119.46,183.64,120.32,111.24,1.5263,0.4481,1,0,ok
IMG_20260912_072933.jpg,15,Leonora,,xiaomi_15_ultra,185.51,12.3671,2.116,2.5,0.939,1507008,9853.25,15059.93,182.66,121.05,111.75,1.509,0.4456,1,0,ok
IMG_20260912_072933_1.jpg,15,Leonora,,xiaomi_15_ultra,184.52,12.3013,2.127,2.5,0.902,1506998,9958.81,15190.35,183.64,120.15,111.86,1.5284,0.4514,1,0,ok
IMG_20260912_072934.jpg,15,Leonora,,xiaomi_15_ultra,184.28,12.2851,2.13,2.5,0.942,1517917,10057.54,15333.23,184.45,120.8,111.68,1.527,0.4514,1,0,ok
IMG_20260912_072935.jpg,15,Leonora,,xiaomi_15_ultra,184.03,12.2685,2.133,2.5,0.94,1504010,9992.39,15226.08,183.64,121.04,111.75,1.5172,0.4495,1,0,ok
IMG_20260912_072935_1.jpg,15,Leonora,,xiaomi_15_ultra,185.04,12.3363,2.121,2.5,0.942,1516245,9963.17,15213.45,183.12,120.86,111.78,1.5151,0.4502,1,0,ok
IMG_20260912_072936.jpg,15,Leonora,,xiaomi_15_ultra,184.33,12.2885,2.13,2.5,0.944,1499770,9931.78,15143.1,176.59,122.96,111.65,1.4361,0.4574,1,0,ok
IMG_20260912_072936_1.jpg,15,Leonora,,xiaomi_15_ultra,184.33,12.2886,2.13,2.5,0.938,1496560,9910.34,15110.46,174.47,124.99,112.14,1.3958,0.4544,1,0,ok
IMG_20260912_072937.jpg,15,Leonora,,xiaomi_15_ultra,184.58,12.3052,2.127,2.5,0.951,1550648,10240.91,15622.49,177.89,123.77,111.5,1.4373,0.4651,1,0,ok
IMG_20260912_072937_1.jpg,15,Leonora,,xiaomi_15_ultra,182.78,12.1856,2.148,2.5,0.945,1544640,10402.47,15810.28,180.71,126.05,112.59,1.4336,0.4567,1,0,ok
IMG_20260912_072943.jpg,15,Leonora,,xiaomi_15_ultra,154.01,10.2674,2.549,2.5,0.949,1194531,11331.16,16213.05,198.2,128.37,114.44,1.544,0.4454,1,0,ok
IMG_20260912_072943_1.jpg,15,Leonora,,xiaomi_15_ultra,153.51,10.2341,2.557,2.5,0.945,1168352,11155.16,15944.22,197.58,128.79,114.42,1.5341,0.4384,1,0,ok
IMG_20260912_072944.jpg,15,Leonora,,xiaomi_15_ultra,153.02,10.2012,2.565,2.5,0.925,1184429,11381.71,16250.94,196.94,128.61,114.4,1.5312,0.4494,1,0,ok
IMG_20260912_072944_1.jpg,15,Leonora,,xiaomi_15_ultra,153.51,10.2339,2.557,2.5,0.927,1183228,11297.63,16147.76,194.55,121.36,114.03,1.6031,0.4785,1,0,ok
IMG_20260912_072945.jpg,15,Leonora,,xiaomi_15_ultra,153.51,10.2338,2.557,2.5,0.942,1169325,11165.14,15958.33,192.6,118.24,114.72,1.6289,0.4903,1,0,ok
IMG_20260912_072945_1.jpg,15,Leonora,,xiaomi_15_ultra,153.01,10.2005,2.565,2.5,0.94,1195568,11490.23,16405.54,194.5,119.21,115.39,1.6316,0.4956,1,0,ok
IMG_20260912_072946.jpg,15,Leonora,,xiaomi_15_ultra,152.51,10.1672,2.574,2.5,0.953,1209272,11698.23,16684.72,193.86,124.62,115.86,1.5556,0.4842,1,0,ok
IMG_20260912_072947.jpg,15,Leonora,,xiaomi_15_ultra,152.26,10.1506,2.578,2.5,0.944,1174590,11399.97,16250.68,193.58,127.97,115.46,1.5127,0.4602,1,0,ok
IMG_20260912_072947_1.jpg,15,Leonora,,xiaomi_15_ultra,152.5,10.167,2.574,2.5,0.952,1136815,10997.78,15685.59,191.99,128.45,116.46,1.4946,0.4459,1,0,ok
IMG_20260912_072948.jpg,15,Leonora,,xiaomi_15_ultra,151.76,10.1173,2.587,2.5,0.932,1154859,11282.45,16066.0,192.94,128.99,117.03,1.4958,0.4534,1,0,ok
IMG_20260912_072948_1.jpg,15,Leonora,,xiaomi_15_ultra,152.01,10.1343,2.582,2.5,0.961,1137444,11074.97,15779.16,192.61,129.46,116.24,1.4878,0.4441,1,0,ok
IMG_20260912_072954.jpg,15,Leonora,,xiaomi_15_ultra,125.01,8.3337,3.14,3.0,0.961,878184,12644.63,16992.03,198.11,140.51,119.27,1.4099,0.4542,1,1,ok
IMG_20260912_072954_1.jpg,15,Leonora,,xiaomi_15_ultra,125.01,8.3337,3.14,3.0,0.956,866214,12472.28,16760.42,204.23,141.35,120.95,1.4448,0.432,1,1,ok
IMG_20260912_072955.jpg,15,Leonora,,xiaomi_15_ultra,125.01,8.3341,3.14,3.0,0.947,882363,12703.58,17071.47,200.38,141.35,119.51,1.4177,0.4485,1,1,ok
IMG_20260912_072955_1.jpg,15,Leonora,,xiaomi_15_ultra,124.76,8.3171,3.146,3.0,0.939,874863,12647.14,16986.1,201.63,142.36,119.51,1.4164,0.4406,1,0,ok
IMG_20260912_072956.jpg,15,Leonora,,xiaomi_15_ultra,125.01,8.3337,3.14,3.0,0.953,872284,12559.68,16877.87,201.95,141.23,119.75,1.4299,0.4403,1,1,ok
IMG_20260912_072956_1.jpg,15,Leonora,,xiaomi_15_ultra,125.27,8.3511,3.134,3.0,0.952,879511,12611.02,16956.58,201.53,140.22,119.86,1.4372,0.4463,1,1,ok
IMG_20260912_072957.jpg,15,Leonora,,xiaomi_15_ultra,125.02,8.3348,3.14,3.0,0.951,862845,12420.59,16691.55,203.48,140.5,121.18,1.4483,0.4345,1,0,ok
IMG_20260912_072957_1.jpg,15,Leonora,,xiaomi_15_ultra,124.77,8.3178,3.146,3.0,0.954,884038,12777.71,17161.85,203.9,140.78,121.07,1.4483,0.4451,1,0,ok
IMG_20260912_072958.jpg,15,Leonora,,xiaomi_15_ultra,123.77,8.2516,3.171,3.0,0.931,859523,12623.69,16917.96,204.81,141.19,121.31,1.4506,0.4366,1,0,ok
IMG_20260912_072958_1.jpg,15,Leonora,,xiaomi_15_ultra,124.01,8.2671,3.165,3.0,0.952,871238,12747.74,17092.97,205.15,139.35,120.24,1.4722,0.4459,1,0,ok
IMG_20260912_073001.jpg,15,Leonora,,xiaomi_15_ultra,142.81,9.5204,2.749,2.5,0.958,1088937,12014.05,16782.38,196.31,130.35,118.38,1.506,0.4695,1,0,ok
IMG_20260912_073002.jpg,15,Leonora,,xiaomi_15_ultra,142.55,9.5031,2.754,3.0,0.96,1098132,12159.64,16976.26,195.94,129.33,118.07,1.5151,0.4799,1,0,ok
IMG_20260912_073002_1.jpg,15,Leonora,,xiaomi_15_ultra,142.58,9.5052,2.753,3.0,0.961,1089608,12059.93,16838.19,194.52,130.56,118.57,1.4899,0.4749,1,0,ok
IMG_20260912_073003.jpg,15,Leonora,,xiaomi_15_ultra,142.82,9.5211,2.749,2.5,0.963,1063371,11730.24,16386.3,194.93,129.71,118.58,1.5028,0.4639,1,0,ok
IMG_20260912_073046.jpg,16,Cereza,246502,xiaomi_15_ultra,176.15,11.7433,2.228,2.5,0.914,1331572,9655.63,14474.73,182.57,117.77,102.44,1.5503,0.4491,1,0,ok
IMG_20260912_073047.jpg,16,Cereza,246502,xiaomi_15_ultra,174.97,11.6647,2.243,2.5,0.955,1351143,9930.11,14849.68,183.8,119.08,106.05,1.5436,0.4537,1,0,ok
IMG_20260912_073048.jpg,16,Cereza,246502,xiaomi_15_ultra,175.51,11.7004,2.237,2.5,0.958,1333698,9742.16,14584.88,182.73,118.71,106.41,1.5392,0.4491,1,0,ok
IMG_20260912_073048_1.jpg,16,Cereza,246502,xiaomi_15_ultra,176.14,11.7429,2.228,2.5,0.956,1341812,9730.64,14586.97,181.47,117.69,108.24,1.542,0.4556,1,0,ok
IMG_20260912_073049.jpg,16,Cereza,246502,xiaomi_15_ultra,176.25,11.7501,2.227,2.5,0.955,1336984,9683.78,14519.97,180.76,116.51,108.42,1.5515,0.4598,1,0,ok
IMG_20260912_073049_1.jpg,16,Cereza,246502,xiaomi_15_ultra,176.22,11.7477,2.228,2.5,0.955,1358604,9844.35,14759.64,181.48,118.75,107.51,1.5283,0.4568,1,0,ok
IMG_20260912_073049_2.jpg,16,Cereza,246502,xiaomi_15_ultra,176.45,11.7632,2.225,2.5,0.957,1361946,9842.57,14764.11,181.24,118.08,108.3,1.5349,0.4599,1,0,ok
IMG_20260912_073050.jpg,16,Cereza,246502,xiaomi_15_ultra,177.33,11.822,2.214,2.5,0.959,1346217,9632.33,14475.27,179.16,120.2,107.93,1.4905,0.4473,1,0,ok
IMG_20260912_073051.jpg,16,Cereza,246502,xiaomi_15_ultra,176.83,11.7885,2.22,2.5,0.957,1352141,9729.84,14606.53,180.85,120.03,108.16,1.5067,0.4482,1,0,ok
IMG_20260912_073057.jpg,16,Cereza,246502,xiaomi_15_ultra,144.55,9.6366,2.716,2.5,0.947,958620,10322.77,14474.06,183.99,122.24,109.58,1.5051,0.459,0,0,ok
IMG_20260912_073057_1.jpg,16,Cereza,246502,xiaomi_15_ultra,144.39,9.6259,2.719,2.5,0.943,953367,10289.05,14421.8,182.22,122.27,109.7,1.4902,0.4618,0,0,ok
IMG_20260912_073058.jpg,16,Cereza,246502,xiaomi_15_ultra,144.96,9.6642,2.708,2.5,0.942,952731,10200.89,14315.9,184.08,119.93,108.65,1.5349,0.4621,0,0,ok
IMG_20260912_073058_1.jpg,16,Cereza,246502,xiaomi_15_ultra,144.66,9.6437,2.714,2.5,0.943,958852,10310.12,14459.63,181.78,122.15,109.5,1.4881,0.4643,0,0,ok
IMG_20260912_073059.jpg,16,Cereza,246502,xiaomi_15_ultra,144.19,9.6128,2.722,2.5,0.943,968594,10481.85,14685.84,183.71,124.42,111.1,1.4766,0.4586,0,0,ok
IMG_20260912_073059_1.jpg,16,Cereza,246502,xiaomi_15_ultra,144.01,9.6004,2.726,2.5,0.941,950164,10309.17,14438.08,181.97,123.33,110.62,1.4755,0.4594,0,0,ok
IMG_20260912_073100.jpg,16,Cereza,246502,xiaomi_15_ultra,144.59,9.6393,2.715,2.5,0.943,963260,10367.04,14537.38,182.59,123.45,110.8,1.479,0.4599,1,0,ok
IMG_20260912_073100_1.jpg,16,Cereza,246502,xiaomi_15_ultra,144.63,9.6423,2.714,2.5,0.942,945699,10171.68,14264.82,179.83,124.14,111.59,1.4486,0.4556,0,0,ok
IMG_20260912_073101.jpg,16,Cereza,246502,xiaomi_15_ultra,144.59,9.6394,2.715,2.5,0.938,969365,10432.49,14629.21,184.66,123.56,110.28,1.4945,0.4573,1,0,ok
IMG_20260912_073101_1.jpg,16,Cereza,246502,xiaomi_15_ultra,144.77,9.6515,2.711,2.5,0.931,958038,10284.79,14427.72,183.7,124.64,110.35,1.4738,0.4492,1,0,ok
IMG_20260912_073101_2.jpg,16,Cereza,246502,xiaomi_15_ultra,144.81,9.6542,2.711,2.5,0.939,967006,10375.1,14555.71,185.62,123.99,110.73,1.4971,0.4508,1,0,ok
IMG_20260912_073102.jpg,16,Cereza,246502,xiaomi_15_ultra,144.81,9.6543,2.711,2.5,0.941,965429,10358.06,14531.83,185.0,123.99,110.73,1.4921,0.4516,1,0,ok
IMG_20260912_073102_1.jpg,16,Cereza,246502,xiaomi_15_ultra,145.14,9.6757,2.705,2.5,0.943,965030,10308.08,14471.69,183.86,122.37,109.76,1.5025,0.4582,0,0,ok
IMG_20260912_073103.jpg,16,Cereza,246502,xiaomi_15_ultra,144.59,9.6393,2.715,2.5,0.843,945214,10172.82,14265.03,183.31,124.18,110.9,1.4762,0.4469,1,0,ok
IMG_20260912_073103_1.jpg,16,Cereza,246502,xiaomi_15_ultra,144.64,9.6423,2.714,2.5,0.935,964280,10371.43,14544.97,182.53,124.87,111.59,1.4618,0.4551,1,0,ok
IMG_20260912_073104.jpg,16,Cereza,246502,xiaomi_15_ultra,144.63,9.6422,2.714,2.5,0.94,962617,10353.79,14520.18,183.15,123.52,111.59,1.4828,0.4577,1,0,ok
IMG_20260912_073104_1.jpg,16,Cereza,246502,xiaomi_15_ultra,144.63,9.6422,2.714,2.5,0.938,960438,10330.36,14487.32,183.88,123.52,110.87,1.4887,0.4548,1,0,ok
IMG_20260912_073105.jpg,16,Cereza,246502,xiaomi_15_ultra,144.36,9.6242,2.719,2.5,0.942,958960,10353.21,14510.9,180.17,124.37,111.7,1.4486,0.462,1,0,ok
IMG_20260912_073109.jpg,16,Cereza,246502,xiaomi_15_ultra,121.41,8.0942,3.233,3.0,0.953,732345,11177.97,14902.76,190.51,131.33,113.17,1.4506,0.4468,1,1,ok
IMG_20260912_073110.jpg,16,Cereza,246502,xiaomi_15_ultra,121.18,8.0784,3.239,3.0,0.952,724390,11100.06,14791.11,192.49,131.59,113.39,1.4628,0.4382,1,1,ok
IMG_20260912_073111.jpg,16,Cereza,246502,xiaomi_15_ultra,120.68,8.0452,3.253,3.5,0.954,728483,11255.01,14981.12,192.41,131.26,113.86,1.4659,0.4456,1,1,ok
IMG_20260912_073111_1.jpg,16,Cereza,246502,xiaomi_15_ultra,120.7,8.047,3.252,3.5,0.952,733701,11330.59,15082.62,194.11,132.1,113.83,1.4694,0.4419,1,1,ok
IMG_20260912_073112.jpg,16,Cereza,246502,xiaomi_15_ultra,120.74,8.0491,3.251,3.5,0.952,728791,11248.97,14975.0,194.06,131.2,114.55,1.4792,0.4418,1,1,ok
IMG_20260912_073113.jpg,16,Cereza,246502,xiaomi_15_ultra,120.53,8.0356,3.257,3.5,0.953,729062,11291.02,15024.25,192.77,132.29,113.99,1.4572,0.4428,1,0,ok
IMG_20260912_073116.jpg,16,Cereza,246502,xiaomi_15_ultra,143.59,9.5729,2.734,2.5,0.955,974820,10637.41,14884.58,188.45,123.06,111.04,1.5314,0.4587,1,0,ok
IMG_20260912_073116_1.jpg,16,Cereza,246502,xiaomi_15_ultra,143.19,9.546,2.741,2.5,0.954,970267,10647.56,14885.83,188.35,124.03,111.25,1.5186,0.4558,1,0,ok
IMG_20260912_073117.jpg,16,Cereza,246502,xiaomi_15_ultra,143.74,9.5826,2.731,2.5,0.951,977437,10644.36,14898.98,187.63,122.93,110.2,1.5263,0.4615,1,0,ok
IMG_20260912_073204.jpg,17,Guadiela,,xiaomi_15_ultra,178.78,11.9189,2.196,2.5,0.951,1769809,12458.18,18778.48,178.79,116.54,115.45,1.5342,0.5979,0,0,ok
IMG_20260912_073205.jpg,17,Guadiela,,xiaomi_15_ultra,174.61,11.6409,2.248,2.5,0.943,1768556,13051.09,19502.33,185.21,120.95,120.44,1.5312,0.5826,0,0,ok
IMG_20260912_073206.jpg,17,Guadiela,,xiaomi_15_ultra,174.21,11.6139,2.253,2.5,0.953,1814955,13455.84,20090.18,197.26,121.23,120.63,1.6271,0.5626,0,0,ok
IMG_20260912_073206_1.jpg,17,Guadiela,,xiaomi_15_ultra,173.21,11.5473,2.266,2.5,0.954,1853900,13903.56,20715.44,205.07,123.58,122.45,1.6594,0.5486,0,0,ok
IMG_20260912_073206_2.jpg,17,Guadiela,,xiaomi_15_ultra,174.04,11.6024,2.255,2.5,0.95,1795627,13338.83,19908.35,198.58,122.47,122.13,1.6214,0.5485,0,0,ok
IMG_20260912_073207.jpg,17,Guadiela,,xiaomi_15_ultra,173.19,11.5463,2.266,2.5,0.956,1799216,13495.77,20107.24,191.75,123.07,122.46,1.5581,0.5719,0,0,ok
IMG_20260912_073207_1.jpg,17,Guadiela,,xiaomi_15_ultra,172.41,11.4938,2.277,2.5,0.954,1762900,13344.42,19849.08,185.4,124.76,123.63,1.4861,0.5769,0,0,ok
IMG_20260912_073208.jpg,17,Guadiela,,xiaomi_15_ultra,172.47,11.498,2.276,2.5,0.95,1770495,13392.03,19922.54,184.21,123.59,123.59,1.4905,0.5883,0,0,ok
IMG_20260912_073208_1.jpg,17,Guadiela,,xiaomi_15_ultra,172.35,11.4903,2.277,2.5,0.948,1764344,13363.56,19875.35,184.33,124.8,123.67,1.477,0.5809,0,0,ok
IMG_20260912_073209.jpg,17,Guadiela,,xiaomi_15_ultra,172.28,11.4856,2.278,2.5,0.951,1755838,13310.07,19792.87,182.75,123.72,123.2,1.4771,0.5887,0,0,ok
IMG_20260912_073209_1.jpg,17,Guadiela,,xiaomi_15_ultra,172.58,11.5053,2.274,2.5,0.947,1752196,13236.83,19696.16,181.83,124.03,123.51,1.466,0.5869,0,0,ok
IMG_20260912_073214.jpg,17,Guadiela,,xiaomi_15_ultra,140.69,9.3795,2.79,3.0,0.962,1361423,15475.18,21518.82,226.56,133.06,125.91,1.7027,0.5134,0,0,ok
IMG_20260912_073214_1.jpg,17,Guadiela,,xiaomi_15_ultra,140.46,9.3638,2.795,3.0,0.962,1354810,15451.49,21474.99,226.94,133.28,125.06,1.7027,0.5109,0,0,ok
IMG_20260912_073215.jpg,17,Guadiela,,xiaomi_15_ultra,140.46,9.3638,2.795,3.0,0.963,1361047,15522.62,21573.85,226.94,132.53,125.16,1.7123,0.5161,0,0,ok
IMG_20260912_073215_1.jpg,17,Guadiela,,xiaomi_15_ultra,140.4,9.3597,2.796,3.0,0.964,1362114,15548.57,21607.01,227.04,132.59,125.11,1.7123,0.5165,0,0,ok
IMG_20260912_073216.jpg,17,Guadiela,,xiaomi_15_ultra,140.37,9.3578,2.796,3.0,0.96,1359510,15525.15,21573.13,226.44,132.72,125.88,1.7061,0.5166,0,0,ok
IMG_20260912_073216_1.jpg,17,Guadiela,,xiaomi_15_ultra,140.46,9.3638,2.795,3.0,0.957,1358612,15494.85,21535.25,226.94,131.89,125.8,1.7206,0.5177,0,0,ok
IMG_20260912_073217.jpg,17,Guadiela,,xiaomi_15_ultra,140.43,9.3619,2.795,3.0,0.958,1357678,15490.49,21527.86,226.98,131.17,124.76,1.7305,0.5203,0,0,ok
IMG_20260912_073217_1.jpg,17,Guadiela,,xiaomi_15_ultra,140.18,9.3451,2.8,3.0,0.954,1358702,15558.0,21609.9,226.64,129.37,125.31,1.7519,0.5306,0,1,ok
IMG_20260912_073218.jpg,17,Guadiela,,xiaomi_15_ultra,140.27,9.3515,2.798,3.0,0.953,1350550,15443.46,21455.27,223.81,128.64,125.22,1.7398,0.5364,0,1,ok
IMG_20260912_073218_1.jpg,17,Guadiela,,xiaomi_15_ultra,140.04,9.3363,2.803,3.0,0.954,1352153,15512.37,21540.34,231.68,127.46,125.42,1.8176,0.5253,1,1,ok
IMG_20260912_073219.jpg,17,Guadiela,,xiaomi_15_ultra,140.04,9.3363,2.803,3.0,0.945,1362213,15627.78,21700.6,244.1,128.21,125.42,1.9039,0.4994,1,1,ok
IMG_20260912_073219_1.jpg,17,Guadiela,,xiaomi_15_ultra,140.23,9.3484,2.799,3.0,0.931,1360052,15562.42,21618.37,248.49,125.37,122.59,1.9821,0.4995,1,1,ok
IMG_20260912_073225.jpg,17,Guadiela,,xiaomi_15_ultra,120.61,8.0408,3.255,3.5,0.939,973177,15052.09,20032.33,211.67,125.73,124.12,1.6835,0.5656,0,0,ok
IMG_20260912_073225_1.jpg,17,Guadiela,,xiaomi_15_ultra,120.37,8.0249,3.261,3.5,0.937,974862,15137.66,20135.66,209.72,125.23,125.23,1.6746,0.5764,0,0,ok
IMG_20260912_073226.jpg,17,Guadiela,,xiaomi_15_ultra,121.04,8.0695,3.243,3.0,0.937,990540,15211.64,20263.96,210.17,126.9,126.9,1.6562,0.5704,0,0,ok
IMG_20260912_073226_1.jpg,17,Guadiela,,xiaomi_15_ultra,121.35,8.0902,3.235,3.0,0.944,995339,15207.43,20272.2,205.68,127.32,127.32,1.6155,0.5807,0,0,ok
IMG_20260912_073227.jpg,17,Guadiela,,xiaomi_15_ultra,121.85,8.1233,3.221,3.0,0.947,971867,14727.8,19654.39,203.24,125.32,125.32,1.6218,0.5782,0,0,ok
IMG_20260912_073227_1.jpg,17,Guadiela,,xiaomi_15_ultra,121.35,8.0899,3.235,3.0,0.933,932800,14252.88,18999.57,186.65,125.71,124.11,1.4848,0.6074,0,0,ok
IMG_20260912_073228.jpg,17,Guadiela,,xiaomi_15_ultra,120.84,8.0558,3.248,3.0,0.941,894866,13789.14,18360.67,170.06,127.11,124.63,1.3379,0.6379,0,0,ok
IMG_20260912_073228_1.jpg,17,Guadiela,,xiaomi_15_ultra,121.11,8.0741,3.241,3.0,0.939,884315,13565.08,18073.24,174.39,125.22,122.0,1.3927,0.6212,0,0,ok
IMG_20260912_073229.jpg,17,Guadiela,,xiaomi_15_ultra,121.81,8.1209,3.222,3.0,0.938,860398,13046.28,17409.01,161.56,125.35,123.75,1.2888,0.6442,0,0,ok
IMG_20260912_073327.jpg,18,Nicoleta,26590,xiaomi_15_ultra,149.11,9.9406,2.633,2.5,0.95,1523768,15420.4,21834.3,235.6,139.13,135.91,1.6934,0.4704,0,0,ok
IMG_20260912_073327_1.jpg,18,Nicoleta,26590,xiaomi_15_ultra,149.61,9.9743,2.624,2.5,0.955,1511995,15198.0,21542.7,237.41,137.35,132.24,1.7285,0.4661,0,0,ok
IMG_20260912_073328.jpg,18,Nicoleta,26590,xiaomi_15_ultra,149.37,9.9582,2.628,2.5,0.941,1512894,15256.37,21614.24,233.28,135.57,132.35,1.7207,0.4824,1,0,ok
IMG_20260912_073331.jpg,18,Nicoleta,26590,xiaomi_15_ultra,150.18,10.0118,2.614,2.5,0.95,1490177,14866.76,21098.54,222.54,136.24,133.04,1.6334,0.4904,0,0,ok
IMG_20260912_073331_1.jpg,18,Nicoleta,26590,xiaomi_15_ultra,149.41,9.961,2.627,2.5,0.941,1475795,14873.85,21074.21,222.37,138.14,133.02,1.6097,0.4842,0,0,ok
IMG_20260912_073331_2.jpg,18,Nicoleta,26590,xiaomi_15_ultra,149.97,9.9978,2.617,2.5,0.927,1512458,15131.22,21464.24,227.25,138.93,134.43,1.6357,0.4793,0,0,ok
IMG_20260912_073332.jpg,18,Nicoleta,26590,xiaomi_15_ultra,149.97,9.9978,2.617,2.5,0.945,1505079,15057.4,21359.52,222.85,137.63,134.43,1.6192,0.4909,0,0,ok
IMG_20260912_073332_1.jpg,18,Nicoleta,26590,xiaomi_15_ultra,150.0,9.9997,2.617,2.5,0.943,1493786,14938.71,21192.45,222.11,137.6,133.8,1.6141,0.4888,0,0,ok
IMG_20260912_073333.jpg,18,Nicoleta,26590,xiaomi_15_ultra,149.42,9.9613,2.627,2.5,0.949,1492634,15042.63,21313.56,226.78,137.53,132.41,1.6489,0.4823,0,0,ok
IMG_20260912_073337.jpg,18,Nicoleta,26590,xiaomi_15_ultra,127.48,8.4984,3.079,3.0,0.946,1130204,15648.88,21143.48,234.16,137.08,132.61,1.7082,0.4875,0,1,ok
IMG_20260912_073338.jpg,18,Nicoleta,26590,xiaomi_15_ultra,127.96,8.5305,3.068,3.0,0.946,1138470,15644.8,21160.3,234.1,135.04,131.29,1.7335,0.4949,0,1,ok
IMG_20260912_073338_1.jpg,18,Nicoleta,26590,xiaomi_15_ultra,127.5,8.5003,3.079,3.0,0.948,1136136,15723.89,21246.17,233.4,135.52,130.94,1.7222,0.4971,0,1,ok
IMG_20260912_073338_2.jpg,18,Nicoleta,26590,xiaomi_15_ultra,127.28,8.4851,3.084,3.0,0.948,1136840,15790.12,21324.99,233.82,135.77,131.17,1.7222,0.4974,0,1,ok
IMG_20260912_073339.jpg,18,Nicoleta,26590,xiaomi_15_ultra,127.48,8.4985,3.079,3.0,0.942,1128302,15622.07,21107.34,232.75,135.55,130.96,1.717,0.4952,0,1,ok
IMG_20260912_073339_1.jpg,18,Nicoleta,26590,xiaomi_15_ultra,126.95,8.4633,3.092,3.0,0.947,1123532,15685.83,21168.95,233.72,135.29,132.34,1.7275,0.4961,0,0,ok
IMG_20260912_073340.jpg,18,Nicoleta,26590,xiaomi_15_ultra,126.4,8.4267,3.105,3.0,0.936,1150493,16202.05,21839.31,260.48,135.88,132.08,1.917,0.4578,1,0,ok
IMG_20260912_073340_1.jpg,18,Nicoleta,26590,xiaomi_15_ultra,125.9,8.3934,3.118,3.0,0.945,1106357,15704.24,21145.12,237.21,136.42,133.32,1.7389,0.4853,0,0,ok
IMG_20260912_073341.jpg,18,Nicoleta,26590,xiaomi_15_ultra,125.79,8.386,3.121,3.0,0.948,1119074,15912.99,21420.93,236.59,133.56,132.01,1.7714,0.5036,0,0,ok
IMG_20260912_073345.jpg,18,Nicoleta,26590,xiaomi_15_ultra,108.64,7.243,3.613,3.5,0.946,840105,16013.9,20752.9,235.95,138.75,130.89,1.7005,0.4891,0,0,ok
IMG_20260912_073346.jpg,18,Nicoleta,26590,xiaomi_15_ultra,108.47,7.231,3.619,3.5,0.943,844930,16159.28,20932.88,236.34,137.05,130.0,1.7245,0.4989,0,0,ok
IMG_20260912_073346_1.jpg,18,Nicoleta,26590,xiaomi_15_ultra,109.25,7.2837,3.593,3.5,0.947,867105,16344.54,21210.31,231.07,137.02,131.8,1.6864,0.5162,0,0,ok
IMG_20260912_073347.jpg,18,Nicoleta,26590,xiaomi_15_ultra,109.27,7.2844,3.592,3.5,0.94,850603,16030.34,20803.07,230.22,137.14,130.14,1.6787,0.5077,0,0,ok
IMG_20260912_073347_1.jpg,18,Nicoleta,26590,xiaomi_15_ultra,109.27,7.2844,3.592,3.5,0.94,859241,16193.13,21014.33,234.47,137.14,130.0,1.7097,0.5036,0,0,ok
IMG_20260912_073348.jpg,18,Nicoleta,26590,xiaomi_15_ultra,109.52,7.3017,3.584,3.5,0.941,865953,16242.45,21090.55,233.23,135.86,129.83,1.7167,0.5126,0,0,ok
IMG_20260912_073349.jpg,18,Nicoleta,26590,xiaomi_15_ultra,109.14,7.2757,3.597,3.5,0.928,842757,15920.23,20654.19,226.92,135.38,130.16,1.6761,0.5182,0,0,ok
IMG_20260912_073352.jpg,18,Nicoleta,26590,xiaomi_15_ultra,120.59,8.0394,3.255,3.5,0.95,1112952,17220.03,22916.5,236.34,150.39,140.93,1.5715,0.4845,0,0,ok
IMG_20260912_073353.jpg,18,Nicoleta,26590,xiaomi_15_ultra,121.37,8.0915,3.234,3.0,0.948,1126666,17208.13,22940.26,234.07,154.98,143.98,1.5104,0.4744,0,0,ok
IMG_20260912_073353_1.jpg,18,Nicoleta,26590,xiaomi_15_ultra,121.41,8.0941,3.233,3.0,0.952,1122981,17141.03,22852.74,237.95,148.75,138.37,1.5997,0.4843,0,0,ok
IMG_20260912_073452.jpg,19,Mafer,236693,xiaomi_15_ultra,179.55,11.9698,2.186,2.5,0.887,1441830,10063.21,15192.56,185.47,126.15,115.46,1.4702,0.4301,1,0,ok
IMG_20260912_073452_1.jpg,19,Mafer,236693,xiaomi_15_ultra,177.69,11.8457,2.209,2.5,0.621,1433909,10218.77,15367.91,185.89,128.57,118.27,1.4458,0.4276,1,0,ok
IMG_20260912_073453.jpg,19,Mafer,236693,xiaomi_15_ultra,177.55,11.8369,2.211,2.5,0.958,1472804,10511.52,15803.85,188.14,128.16,117.85,1.468,0.436,1,0,ok
IMG_20260912_073453_1.jpg,19,Mafer,236693,xiaomi_15_ultra,177.28,11.8188,2.214,2.5,0.957,1471226,10532.57,15826.54,187.84,128.86,118.54,1.4576,0.4351,0,0,ok
IMG_20260912_073454.jpg,19,Mafer,236693,xiaomi_15_ultra,177.82,11.8548,2.207,2.5,0.962,1467129,10439.52,15704.33,189.54,127.37,117.67,1.4881,0.4324,1,0,ok
IMG_20260912_073454_1.jpg,19,Mafer,236693,xiaomi_15_ultra,177.55,11.8369,2.211,2.5,0.962,1465799,10461.69,15728.89,190.34,128.16,117.85,1.4852,0.4289,1,0,ok
IMG_20260912_073455.jpg,19,Mafer,236693,xiaomi_15_ultra,177.84,11.8557,2.207,2.5,0.963,1485152,10566.06,15895.16,190.03,130.57,118.17,1.4554,0.4258,1,0,ok
IMG_20260912_073455_1.jpg,19,Mafer,236693,xiaomi_15_ultra,178.85,11.923,2.195,2.5,0.964,1455202,10236.47,15431.64,186.78,129.92,117.0,1.4377,0.4218,0,0,ok
IMG_20260912_073456.jpg,19,Mafer,236693,xiaomi_15_ultra,178.56,11.9043,2.198,2.5,0.963,1425215,10057.16,15152.47,175.23,128.53,117.35,1.3634,0.4466,0,0,ok
IMG_20260912_073456_1.jpg,19,Mafer,236693,xiaomi_15_ultra,178.56,11.9043,2.198,2.5,0.959,1415896,9991.4,15053.39,176.32,125.25,117.18,1.4078,0.4524,1,0,ok
IMG_20260912_073500.jpg,19,Mafer,236693,xiaomi_15_ultra,146.03,9.7354,2.688,2.5,0.952,1085272,11450.64,16106.73,198.45,127.58,119.05,1.5556,0.4523,1,0,ok
IMG_20260912_073501.jpg,19,Mafer,236693,xiaomi_15_ultra,146.29,9.7526,2.683,2.5,0.956,1104202,11609.36,16339.03,196.15,128.58,120.38,1.5255,0.4603,1,0,ok
IMG_20260912_073501_1.jpg,19,Mafer,236693,xiaomi_15_ultra,146.28,9.7519,2.683,2.5,0.951,1092990,11493.11,16175.06,196.17,127.98,120.08,1.5329,0.4578,1,0,ok
IMG_20260912_073502.jpg,19,Mafer,236693,xiaomi_15_ultra,145.54,9.7024,2.697,2.5,0.947,1107094,11760.42,16524.9,200.47,128.01,120.79,1.566,0.4583,1,0,ok
IMG_20260912_073502_1.jpg,19,Mafer,236693,xiaomi_15_ultra,145.52,9.7015,2.697,2.5,0.949,1086238,11541.08,16216.21,196.57,129.88,121.32,1.5135,0.4521,1,0,ok
IMG_20260912_073503.jpg,19,Mafer,236693,xiaomi_15_ultra,145.78,9.7187,2.693,2.5,0.944,1088698,11526.34,16204.48,196.22,131.7,122.44,1.4898,0.446,1,0,ok
IMG_20260912_073503_1.jpg,19,Mafer,236693,xiaomi_15_ultra,145.78,9.7187,2.693,2.5,0.947,1098453,11629.62,16349.68,196.22,130.37,121.11,1.5051,0.4546,1,0,ok
IMG_20260912_073504.jpg,19,Mafer,236693,xiaomi_15_ultra,145.52,9.7015,2.697,2.5,0.952,1067583,11342.88,15937.73,193.27,131.94,122.04,1.4648,0.4448,1,0,ok
IMG_20260912_073507.jpg,19,Mafer,236693,xiaomi_15_ultra,124.77,8.3177,3.146,3.0,0.953,806828,11662.11,15663.41,196.21,133.09,120.35,1.4743,0.4466,1,1,ok
IMG_20260912_073508.jpg,19,Mafer,236693,xiaomi_15_ultra,124.28,8.2852,3.159,3.0,0.956,812148,11831.33,15873.66,196.98,135.18,122.03,1.4571,0.4443,1,1,ok
IMG_20260912_073508_1.jpg,19,Mafer,236693,xiaomi_15_ultra,124.28,8.285,3.159,3.0,0.954,831752,12117.3,16257.26,203.14,135.18,123.6,1.5027,0.4413,1,1,ok
IMG_20260912_073509.jpg,19,Mafer,236693,xiaomi_15_ultra,124.28,8.285,3.159,3.0,0.949,807743,11767.53,15787.99,196.26,132.77,123.11,1.4782,0.4516,1,1,ok
IMG_20260912_073510.jpg,19,Mafer,236693,xiaomi_15_ultra,124.29,8.2862,3.158,3.0,0.943,802378,11685.94,15679.15,202.38,122.01,122.01,1.6588,0.4733,1,1,ok
IMG_20260912_073511.jpg,19,Mafer,236693,xiaomi_15_ultra,124.03,8.2688,3.165,3.0,0.947,824854,12063.92,16177.0,201.24,122.27,122.27,1.6459,0.4903,1,0,ok
IMG_20260912_073515.jpg,19,Mafer,236693,xiaomi_15_ultra,182.53,12.1684,2.151,2.5,0.938,1531074,10340.26,15707.36,187.21,117.76,116.37,1.5897,0.469,0,0,ok
IMG_20260912_073636.jpg,20,Anita,,xiaomi_15_ultra,130.58,8.7053,3.006,3.0,0.917,1285594,16964.16,23076.78,239.74,135.2,135.2,1.7732,0.5234,0,1,ok
IMG_20260912_073636_1.jpg,20,Anita,,xiaomi_15_ultra,129.75,8.6502,3.025,3.0,0.933,1274926,17038.55,23136.12,240.46,136.88,135.37,1.7568,0.5177,0,1,ok
IMG_20260912_073637.jpg,20,Anita,,xiaomi_15_ultra,129.53,8.6353,3.03,3.0,0.926,1277422,17130.74,23249.96,244.58,136.3,134.91,1.7944,0.5139,0,1,ok
IMG_20260912_073638.jpg,20,Anita,,xiaomi_15_ultra,129.31,8.6205,3.036,3.0,0.935,1263116,16997.38,23057.72,244.19,135.84,135.14,1.7976,0.5124,0,0,ok
IMG_20260912_073638_1.jpg,20,Anita,,xiaomi_15_ultra,129.5,8.633,3.031,3.0,0.938,1269095,17028.11,23108.94,241.75,136.45,134.95,1.7716,0.5162,0,0,ok
IMG_20260912_073639.jpg,20,Anita,,xiaomi_15_ultra,129.41,8.627,3.033,3.0,0.928,1253363,16840.45,22849.76,244.12,137.24,135.04,1.7787,0.5027,0,0,ok
IMG_20260912_073639_1.jpg,20,Anita,,xiaomi_15_ultra,129.22,8.6147,3.038,3.0,0.948,1263508,17025.6,23091.59,240.75,138.83,135.93,1.7341,0.5094,0,0,ok
IMG_20260912_073640.jpg,20,Anita,,xiaomi_15_ultra,129.22,8.6146,3.038,3.0,0.63,1275501,17187.6,23311.24,242.15,139.65,135.93,1.734,0.5083,0,0,ok
IMG_20260912_073640_1.jpg,20,Anita,,xiaomi_15_ultra,129.41,8.6275,3.033,3.0,0.933,1266808,17019.21,23092.67,244.8,140.94,135.73,1.7368,0.4933,0,0,ok
IMG_20260912_073641.jpg,20,Anita,,xiaomi_15_ultra,129.69,8.6458,3.027,3.0,0.656,1263819,16907.43,22954.74,242.78,138.45,134.75,1.7536,0.503,0,1,ok
IMG_20260912_073641_1.jpg,20,Anita,,xiaomi_15_ultra,129.99,8.6662,3.02,3.0,0.757,1269434,16902.6,22963.56,243.71,138.12,134.43,1.7644,0.5021,0,1,ok
IMG_20260912_073646.jpg,20,Anita,,xiaomi_15_ultra,112.42,7.4947,3.492,3.5,0.952,936472,16671.81,21788.46,234.83,139.3,132.36,1.6858,0.5097,0,0,ok
IMG_20260912_073647.jpg,20,Anita,,xiaomi_15_ultra,112.16,7.4776,3.5,3.5,0.943,940568,16821.58,21971.61,236.17,144.57,134.27,1.6337,0.4927,0,0,ok
IMG_20260912_073648.jpg,20,Anita,,xiaomi_15_ultra,112.66,7.511,3.484,3.5,0.953,931055,16503.7,21580.48,233.39,142.32,133.01,1.6399,0.4968,0,0,ok
IMG_20260912_073648_1.jpg,20,Anita,,xiaomi_15_ultra,112.84,7.5224,3.479,3.5,0.953,935390,16530.42,21623.64,233.97,141.31,132.8,1.6557,0.5,0,0,ok
IMG_20260912_073649.jpg,20,Anita,,xiaomi_15_ultra,112.6,7.5067,3.486,3.5,0.95,928824,16483.12,21550.46,235.26,139.88,133.08,1.6819,0.5009,0,0,ok
IMG_20260912_073649_1.jpg,20,Anita,,xiaomi_15_ultra,112.62,7.5079,3.486,3.5,0.949,931256,16520.95,21600.79,233.49,139.05,133.06,1.6791,0.5088,0,0,ok
IMG_20260912_073650.jpg,20,Anita,,xiaomi_15_ultra,112.84,7.5224,3.479,3.5,0.95,942969,16664.36,21798.85,234.77,139.58,133.6,1.6819,0.5085,0,0,ok
IMG_20260912_073651.jpg,20,Anita,,xiaomi_15_ultra,113.6,7.5733,3.455,3.5,0.95,927905,16178.43,21199.21,223.95,136.93,131.91,1.6355,0.5276,0,0,ok
IMG_20260912_073655.jpg,20,Anita,,xiaomi_15_ultra,98.86,6.5905,3.971,3.5,0.929,706611,16268.29,20623.34,227.14,132.01,131.1,1.7207,0.5425,0,0,ok
IMG_20260912_073655_1.jpg,20,Anita,,xiaomi_15_ultra,98.91,6.5937,3.969,3.5,0.941,698251,16060.2,20361.76,227.03,129.97,128.15,1.7468,0.5443,0,0,ok
IMG_20260912_073656.jpg,20,Anita,,xiaomi_15_ultra,99.15,6.6099,3.959,3.5,0.935,706775,16176.64,20520.67,227.54,132.53,131.62,1.7169,0.5364,0,0,ok
IMG_20260912_073656_1.jpg,20,Anita,,xiaomi_15_ultra,99.62,6.6415,3.94,3.5,0.936,703597,15950.96,20256.09,228.26,132.05,130.09,1.7286,0.5292,0,0,ok
IMG_20260912_073657.jpg,20,Anita,,xiaomi_15_ultra,99.39,6.626,3.949,3.5,0.94,712471,16228.18,20597.25,230.91,131.45,129.49,1.7566,0.5346,0,0,ok
IMG_20260912_073657_1.jpg,20,Anita,,xiaomi_15_ultra,99.15,6.6098,3.959,3.5,0.94,713231,16325.24,20709.05,230.42,131.77,130.26,1.7486,0.5377,0,0,ok
IMG_20260912_073658.jpg,20,Anita,,xiaomi_15_ultra,98.91,6.5937,3.969,3.5,0.936,711226,16358.63,20740.12,231.89,131.94,130.12,1.7575,0.5347,0,0,ok
IMG_20260912_073658_1.jpg,20,Anita,,xiaomi_15_ultra,99.2,6.6134,3.957,3.5,0.937,709373,16218.8,20576.61,231.2,131.55,130.64,1.7575,0.5333,0,0,ok
IMG_20260912_073749.jpg,21,Zafiro,236697,xiaomi_15_ultra,148.54,9.9028,2.643,2.5,0.934,983818,10032.31,14187.87,173.89,119.56,118.86,1.4544,0.4825,0,0,ok
IMG_20260912_073750.jpg,21,Zafiro,236697,xiaomi_15_ultra,151.76,10.117,2.587,2.5,0.934,985924,9632.48,13716.37,169.52,117.03,115.05,1.4485,0.4855,0,0,ok
IMG_20260912_073750_1.jpg,21,Zafiro,236697,xiaomi_15_ultra,152.55,10.1698,2.573,2.5,0.95,993664,9607.6,13704.07,170.5,115.14,114.16,1.4808,0.4894,0,0,ok
IMG_20260912_073751.jpg,21,Zafiro,236697,xiaomi_15_ultra,149.84,9.9892,2.62,2.5,0.921,978057,9801.65,13900.21,173.59,117.23,114.72,1.4808,0.4817,1,0,ok
IMG_20260912_073751_1.jpg,21,Zafiro,236697,xiaomi_15_ultra,151.8,10.1201,2.586,2.5,0.948,974504,9515.15,13550.62,172.03,115.71,115.12,1.4868,0.478,1,0,ok
IMG_20260912_073752.jpg,21,Zafiro,236697,xiaomi_15_ultra,151.9,10.1268,2.584,2.5,0.95,985541,9610.07,13688.76,172.51,115.73,114.65,1.4906,0.4813,1,0,ok
IMG_20260912_073752_1.jpg,21,Zafiro,236697,xiaomi_15_ultra,151.69,10.1128,2.588,2.5,0.954,997393,9752.64,13885.6,172.16,114.61,114.11,1.5022,0.4943,1,0,ok
IMG_20260912_073753.jpg,21,Zafiro,236697,xiaomi_15_ultra,152.41,10.1604,2.576,2.5,0.953,987840,9568.98,13644.88,168.79,115.84,114.76,1.4571,0.4894,1,0,ok
IMG_20260912_073753_1.jpg,21,Zafiro,236697,xiaomi_15_ultra,150.24,10.0163,2.613,2.5,0.95,989153,9859.44,13994.29,174.42,118.81,117.21,1.4681,0.4758,1,0,ok
IMG_20260912_073758.jpg,21,Zafiro,236697,xiaomi_15_ultra,125.68,8.3784,3.123,3.0,0.944,753860,10739.07,14452.57,184.04,119.12,119.12,1.5451,0.4899,1,0,ok
IMG_20260912_073759.jpg,21,Zafiro,236697,xiaomi_15_ultra,126.43,8.4288,3.105,3.0,0.948,738189,10390.41,14006.58,181.4,118.4,118.4,1.5321,0.4838,1,1,ok
IMG_20260912_073759_1.jpg,21,Zafiro,236697,xiaomi_15_ultra,125.91,8.3938,3.118,3.0,0.935,706320,10024.92,13498.33,177.63,119.73,119.73,1.4836,0.4714,1,1,ok
IMG_20260912_073800.jpg,21,Zafiro,236697,xiaomi_15_ultra,126.14,8.4096,3.112,3.0,0.895,697350,9860.45,13283.78,175.04,119.51,119.51,1.4647,0.4714,1,1,ok
IMG_20260912_073800_1.jpg,21,Zafiro,236697,xiaomi_15_ultra,126.15,8.4099,3.112,3.0,0.856,702870,9937.94,13388.28,174.2,119.5,119.5,1.4577,0.4774,1,1,ok
IMG_20260912_073801.jpg,21,Zafiro,236697,xiaomi_15_ultra,126.17,8.4115,3.111,3.0,0.925,705221,9967.41,13428.68,172.03,117.93,117.93,1.4587,0.4913,1,1,ok
IMG_20260912_073801_1.jpg,21,Zafiro,236697,xiaomi_15_ultra,125.43,8.3623,3.129,3.0,0.953,716380,10244.62,13779.81,175.31,117.07,117.07,1.4974,0.4991,0,0,ok
IMG_20260912_073802.jpg,21,Zafiro,236697,xiaomi_15_ultra,125.91,8.394,3.118,3.0,0.947,758403,10763.81,14493.29,183.7,119.73,119.73,1.5343,0.4894,0,0,ok
IMG_20260912_073806.jpg,21,Zafiro,236697,xiaomi_15_ultra,105.68,7.0451,3.714,3.5,0.957,566960,11422.89,14705.11,181.69,131.72,111.71,1.3793,0.4773,1,0,ok
IMG_20260912_073807.jpg,21,Zafiro,236697,xiaomi_15_ultra,105.67,7.045,3.715,3.5,0.958,563411,11351.89,14613.63,178.14,133.57,112.56,1.3337,0.4771,1,0,ok
IMG_20260912_073807_1.jpg,21,Zafiro,236697,xiaomi_15_ultra,105.87,7.0577,3.708,3.5,0.95,538583,10812.41,13925.13,173.14,131.49,111.51,1.3168,0.4749,1,0,ok
IMG_20260912_073807_2.jpg,21,Zafiro,236697,xiaomi_15_ultra,105.92,7.061,3.706,3.5,0.955,549729,11025.88,14201.63,177.74,134.12,112.02,1.3252,0.4625,1,0,ok
IMG_20260912_073808.jpg,21,Zafiro,236697,xiaomi_15_ultra,106.13,7.0752,3.699,3.5,0.954,552458,11036.13,14221.63,180.06,132.15,111.37,1.3626,0.4638,1,0,ok
IMG_20260912_073808_1.jpg,21,Zafiro,236697,xiaomi_15_ultra,106.68,7.1119,3.68,3.5,0.952,554526,10963.43,14145.41,182.65,130.48,110.66,1.3998,0.46,1,0,ok
IMG_20260912_073809.jpg,21,Zafiro,236697,xiaomi_15_ultra,106.65,7.1101,3.681,3.5,0.939,546128,10802.99,13937.54,181.01,124.19,111.53,1.4575,0.4806,1,0,ok
IMG_20260912_073809_1.jpg,21,Zafiro,236697,xiaomi_15_ultra,106.67,7.1115,3.68,3.5,0.929,558636,11045.98,14251.72,180.97,128.66,112.92,1.4066,0.4744,1,0,ok
IMG_20260912_073812.jpg,21,Zafiro,236697,xiaomi_15_ultra,117.56,7.8377,3.339,3.5,0.953,706577,11502.34,15205.27,190.24,124.91,113.04,1.523,0.4841,1,0,ok
IMG_20260912_073813.jpg,21,Zafiro,236697,xiaomi_15_ultra,117.29,7.8194,3.347,3.5,0.956,703996,11513.86,15211.27,191.57,123.54,112.92,1.5507,0.4865,1,0,ok
IMG_20260912_073813_1.jpg,21,Zafiro,236697,xiaomi_15_ultra,117.66,7.8437,3.336,3.5,0.951,701025,11394.44,15065.65,189.32,124.05,110.53,1.5262,0.4852,1,0,ok
IMG_20260912_073814.jpg,21,Zafiro,236697,xiaomi_15_ultra,117.47,7.8314,3.342,3.5,0.954,706574,11520.63,15226.29,189.62,123.35,113.13,1.5373,0.4926,1,0,ok
IMG_20260912_073817.jpg,21,Zafiro,236697,xiaomi_15_ultra,139.5,9.3,2.814,3.0,0.951,1017483,11764.29,16316.55,196.78,125.27,111.51,1.5708,0.4773,0,0,ok
IMG_20260912_073818.jpg,21,Zafiro,236697,xiaomi_15_ultra,139.76,9.3175,2.809,3.0,0.942,1025273,11809.77,16388.96,195.12,125.03,111.62,1.5605,0.4841,0,0,ok
IMG_20260912_073818_1.jpg,21,Zafiro,236697,xiaomi_15_ultra,139.53,9.3018,2.813,3.0,0.944,998810,11543.88,16011.8,187.81,125.89,111.7,1.4919,0.4882,0,0,ok
IMG_20260912_073908.jpg,22,Selena,223679,xiaomi_15_ultra,157.06,10.4708,2.499,2.5,0.878,1263740,11526.55,16599.94,197.98,131.41,117.66,1.5065,0.443,0,0,ok
IMG_20260912_073909.jpg,22,Selena,223679,xiaomi_15_ultra,155.98,10.3989,2.517,2.5,0.965,1281313,11849.08,17025.36,201.85,131.07,118.86,1.54,0.4479,0,0,ok
IMG_20260912_073909_1.jpg,22,Selena,223679,xiaomi_15_ultra,156.02,10.4012,2.516,2.5,0.955,1288077,11906.15,17108.67,203.05,128.54,118.74,1.5797,0.4562,0,0,ok
IMG_20260912_073910.jpg,22,Selena,223679,xiaomi_15_ultra,156.1,10.4064,2.515,2.5,0.958,1289333,11906.05,17111.31,200.45,129.82,118.77,1.544,0.4575,0,0,ok
IMG_20260912_073911.jpg,22,Selena,223679,xiaomi_15_ultra,155.79,10.3857,2.52,2.5,0.958,1281415,11880.03,17062.68,200.28,127.58,118.91,1.5698,0.465,0,0,ok
IMG_20260912_073911_1.jpg,22,Selena,223679,xiaomi_15_ultra,156.13,10.409,2.514,2.5,0.957,1274828,11766.2,16911.73,198.0,126.62,118.65,1.5637,0.4693,0,0,ok
IMG_20260912_073912.jpg,22,Selena,223679,xiaomi_15_ultra,157.13,10.4754,2.498,2.5,0.96,1276521,11632.94,16755.6,196.75,125.91,117.51,1.5625,0.4696,0,0,ok
IMG_20260912_073912_1.jpg,22,Selena,223679,xiaomi_15_ultra,157.18,10.4784,2.497,2.5,0.954,1288269,11733.17,16901.61,198.5,124.54,117.86,1.5939,0.4746,0,0,ok
IMG_20260912_073913.jpg,22,Selena,223679,xiaomi_15_ultra,157.81,10.5208,2.487,2.5,0.957,1291038,11663.84,16824.42,200.17,125.28,117.1,1.5979,0.4651,0,0,ok
IMG_20260912_073916.jpg,22,Selena,223679,xiaomi_15_ultra,129.86,8.6575,3.023,3.0,0.894,914190,12197.03,16565.92,198.9,130.18,118.28,1.528,0.4711,1,0,ok
IMG_20260912_073917.jpg,22,Selena,223679,xiaomi_15_ultra,130.17,8.6781,3.016,3.0,0.948,919251,12206.4,16589.85,198.32,128.25,119.5,1.5463,0.4799,0,1,ok
IMG_20260912_073917_1.jpg,22,Selena,223679,xiaomi_15_ultra,129.87,8.6582,3.022,3.0,0.951,911837,12163.73,16521.06,195.19,127.05,118.27,1.5364,0.4905,0,0,ok
IMG_20260912_073918.jpg,22,Selena,223679,xiaomi_15_ultra,130.07,8.6715,3.018,3.0,0.946,923018,12274.93,16679.41,200.77,123.16,117.63,1.6301,0.4964,0,1,ok
IMG_20260912_073918_1.jpg,22,Selena,223679,xiaomi_15_ultra,130.07,8.6715,3.018,3.0,0.95,927906,12339.93,16767.73,202.96,124.66,119.47,1.6281,0.4877,0,0,ok
IMG_20260912_073919.jpg,22,Selena,223679,xiaomi_15_ultra,130.57,8.7048,3.006,3.0,0.953,931240,12289.71,16717.72,202.19,123.49,118.33,1.6372,0.4922,0,1,ok
IMG_20260912_073919_1.jpg,22,Selena,223679,xiaomi_15_ultra,129.83,8.6556,3.023,3.0,0.949,931566,12434.11,16886.91,195.13,119.11,119.11,1.6382,0.535,0,0,ok
IMG_20260912_073920.jpg,22,Selena,223679,xiaomi_15_ultra,130.3,8.6867,3.013,3.0,0.952,923612,12239.86,16640.05,189.37,119.38,119.38,1.5863,0.5414,0,1,ok
IMG_20260912_073920_1.jpg,22,Selena,223679,xiaomi_15_ultra,129.87,8.6579,3.023,3.0,0.949,936185,12489.25,16963.05,193.58,119.77,119.77,1.6162,0.5387,0,0,ok
IMG_20260912_073921.jpg,22,Selena,223679,xiaomi_15_ultra,130.14,8.6762,3.016,3.0,0.947,952642,12655.12,17198.68,203.66,119.41,118.02,1.7056,0.5204,0,1,ok
IMG_20260912_073924.jpg,22,Selena,223679,xiaomi_15_ultra,112.27,7.4845,3.496,3.5,0.945,736112,13140.6,17167.65,208.7,125.59,119.71,1.6617,0.5013,0,0,ok
IMG_20260912_073925.jpg,22,Selena,223679,xiaomi_15_ultra,112.11,7.4742,3.501,3.5,0.942,735465,13165.49,17194.21,208.99,127.64,121.62,1.6373,0.4936,0,0,ok
IMG_20260912_073925_1.jpg,22,Selena,223679,xiaomi_15_ultra,112.42,7.4946,3.492,3.5,0.95,729097,12980.47,16964.15,200.68,123.82,121.29,1.6207,0.5224,0,0,ok
IMG_20260912_073926.jpg,22,Selena,223679,xiaomi_15_ultra,112.93,7.5283,3.476,3.5,0.941,720354,12710.04,16629.48,200.58,120.74,119.81,1.6612,0.5248,0,0,ok
IMG_20260912_073926_1.jpg,22,Selena,223679,xiaomi_15_ultra,112.14,7.4763,3.5,3.5,0.943,700069,12524.78,16358.6,196.09,119.85,117.3,1.6362,0.533,0,0,ok
IMG_20260912_073927.jpg,22,Selena,223679,xiaomi_15_ultra,112.61,7.5074,3.486,3.5,0.944,686819,12185.94,15932.62,190.21,118.42,118.42,1.6063,0.541,0,0,ok
IMG_20260912_073927_1.jpg,22,Selena,223679,xiaomi_15_ultra,112.65,7.51,3.485,3.5,0.949,715572,12687.29,16589.56,193.47,121.04,120.11,1.5985,0.5418,0,0,ok
IMG_20260912_073927_2.jpg,22,Selena,223679,xiaomi_15_ultra,112.38,7.4917,3.493,3.5,0.945,725159,12920.18,16883.75,205.03,122.13,120.4,1.6787,0.516,0,0,ok
IMG_20260912_073928.jpg,22,Selena,223679,xiaomi_15_ultra,112.27,7.4845,3.496,3.5,0.944,731641,13060.78,17063.37,210.3,122.25,120.11,1.7202,0.508,0,0,ok
IMG_20260912_073928_1.jpg,22,Selena,223679,xiaomi_15_ultra,112.21,7.4804,3.498,3.5,0.948,735667,13147.2,17173.9,212.15,121.38,118.04,1.7478,0.5105,0,0,ok
IMG_20260912_073929.jpg,22,Selena,223679,xiaomi_15_ultra,112.45,7.497,3.491,3.5,0.951,742236,13205.87,17260.12,211.68,123.78,118.71,1.7101,0.504,0,0,ok
IMG_20260912_073929_1.jpg,22,Selena,223679,xiaomi_15_ultra,112.26,7.4838,3.497,3.5,0.948,731715,13064.53,17067.88,209.52,125.74,118.92,1.6663,0.4959,0,0,ok
IMG_20260912_074058.jpg,23,Perla,207915,xiaomi_15_ultra,215.35,14.3564,1.823,2.5,0.941,1728102,8384.57,13615.25,151.99,114.1,105.67,1.3321,0.4835,0,0,ok
IMG_20260912_074058_1.jpg,23,Perla,207915,xiaomi_15_ultra,214.29,14.2858,1.832,2.5,0.935,1745094,8550.83,13855.87,154.56,114.24,106.61,1.3529,0.4843,0,0,ok
IMG_20260912_074059.jpg,23,Perla,207915,xiaomi_15_ultra,214.51,14.3009,1.83,2.5,0.94,1753689,8574.87,13901.11,153.07,113.28,106.08,1.3512,0.4945,0,0,ok
IMG_20260912_074059_1.jpg,23,Perla,207915,xiaomi_15_ultra,213.52,14.2347,1.838,2.5,0.954,1775127,8760.61,14174.02,149.7,115.49,106.99,1.2962,0.5067,0,0,ok
IMG_20260912_074100.jpg,23,Perla,207915,xiaomi_15_ultra,214.02,14.2677,1.834,2.5,0.947,1746166,8577.86,13892.1,146.27,118.87,104.71,1.2305,0.4933,0,0,ok
IMG_20260912_074100_1.jpg,23,Perla,207915,xiaomi_15_ultra,213.52,14.235,1.838,2.5,0.947,1815882,8961.35,14498.93,145.21,117.74,107.9,1.2333,0.5242,0,0,ok
IMG_20260912_074101.jpg,23,Perla,207915,xiaomi_15_ultra,211.29,14.0858,1.858,2.5,0.952,1771598,8929.02,14381.94,148.09,119.48,109.05,1.2395,0.5046,0,0,ok
IMG_20260912_074101_1.jpg,23,Perla,207915,xiaomi_15_ultra,211.04,14.0694,1.86,2.5,0.962,1733525,8757.5,14098.71,146.91,120.05,108.82,1.2238,0.4965,0,0,ok
IMG_20260912_074102.jpg,23,Perla,207915,xiaomi_15_ultra,212.04,14.1358,1.851,2.5,0.951,1789017,8953.1,14442.46,148.98,120.4,108.24,1.2374,0.4991,0,0,ok
IMG_20260912_074102_1.jpg,23,Perla,207915,xiaomi_15_ultra,211.03,14.0689,1.86,2.5,0.957,1751844,8850.62,14248.43,147.84,120.98,109.39,1.2221,0.4948,0,0,ok
IMG_20260912_074106.jpg,23,Perla,207915,xiaomi_15_ultra,173.77,11.5843,2.259,2.5,0.957,1255146,9353.0,13951.56,157.45,118.78,111.88,1.3256,0.5001,1,0,ok
IMG_20260912_074107.jpg,23,Perla,207915,xiaomi_15_ultra,173.51,11.5673,2.262,2.5,0.95,1241429,9278.02,13832.35,157.17,118.44,111.0,1.327,0.4984,1,0,ok
IMG_20260912_074107_1.jpg,23,Perla,207915,xiaomi_15_ultra,173.26,11.551,2.266,2.5,0.953,1232587,9238.02,13765.67,156.87,118.6,111.59,1.3226,0.4965,1,0,ok
IMG_20260912_074108.jpg,23,Perla,207915,xiaomi_15_ultra,173.77,11.5848,2.259,2.5,0.948,1265488,9429.36,14065.66,155.81,117.14,110.66,1.3301,0.5167,1,0,ok
IMG_20260912_074108_1.jpg,23,Perla,207915,xiaomi_15_ultra,172.76,11.5177,2.272,2.5,0.949,1265982,9543.31,14205.75,157.24,118.95,111.31,1.3219,0.5103,1,0,ok
IMG_20260912_074109.jpg,23,Perla,207915,xiaomi_15_ultra,172.26,11.4843,2.279,2.5,0.947,1243296,9426.78,14017.64,156.56,118.77,112.07,1.3182,0.507,1,0,ok
IMG_20260912_074109_1.jpg,23,Perla,207915,xiaomi_15_ultra,171.27,11.4181,2.292,2.5,0.955,1262006,9680.04,14364.37,156.94,118.85,113.24,1.3206,0.519,1,0,ok
IMG_20260912_074110.jpg,23,Perla,207915,xiaomi_15_ultra,172.02,11.4677,2.282,2.5,0.953,1256093,9551.43,14195.6,157.4,118.86,111.97,1.3243,0.5106,1,0,ok
IMG_20260912_074110_1.jpg,23,Perla,207915,xiaomi_15_ultra,172.28,11.4852,2.278,2.5,0.952,1236230,9371.81,13936.28,156.55,118.15,112.14,1.325,0.5067,1,0,ok
IMG_20260912_074111.jpg,23,Perla,207915,xiaomi_15_ultra,172.26,11.4843,2.279,2.5,0.951,1269518,9625.59,14313.28,158.83,117.03,112.15,1.3571,0.5179,1,0,ok
IMG_20260912_074115.jpg,23,Perla,207915,xiaomi_15_ultra,143.28,9.552,2.74,2.5,0.942,974573,10681.31,14935.92,173.58,127.3,115.47,1.3635,0.4834,0,0,ok
IMG_20260912_074116.jpg,23,Perla,207915,xiaomi_15_ultra,143.52,9.5678,2.735,2.5,0.942,979480,10699.65,14969.21,173.29,128.45,115.91,1.3491,0.4807,1,0,ok
IMG_20260912_074116_1.jpg,23,Perla,207915,xiaomi_15_ultra,143.27,9.5514,2.74,2.5,0.943,978012,10720.29,14990.15,170.86,127.94,115.9,1.3355,0.4904,1,0,ok
IMG_20260912_074117.jpg,23,Perla,207915,xiaomi_15_ultra,143.02,9.5344,2.745,2.5,0.942,968657,10655.77,14891.72,170.54,128.17,116.11,1.3306,0.4875,1,1,ok
IMG_20260912_074117_1.jpg,23,Perla,207915,xiaomi_15_ultra,143.53,9.5684,2.735,2.5,0.946,965828,10549.28,14759.1,167.22,129.7,115.69,1.2893,0.4864,1,0,ok
IMG_20260912_074118.jpg,23,Perla,207915,xiaomi_15_ultra,143.02,9.5347,2.745,2.5,0.927,946049,10406.36,14543.31,165.82,130.26,115.05,1.2729,0.4818,1,1,ok
IMG_20260912_074118_1.jpg,23,Perla,207915,xiaomi_15_ultra,143.52,9.5681,2.735,2.5,0.945,948139,10356.58,14489.39,168.58,129.7,115.28,1.2998,0.4737,1,0,ok
IMG_20260912_074119.jpg,23,Perla,207915,xiaomi_15_ultra,143.27,9.5515,2.74,2.5,0.941,971534,10649.05,14890.58,168.87,129.93,116.53,1.2998,0.4853,1,0,ok
IMG_20260912_074119_1.jpg,23,Perla,207915,xiaomi_15_ultra,143.3,9.5533,2.739,2.5,0.947,958475,10502.15,14685.98,172.82,130.64,116.61,1.3229,0.4652,1,0,ok
IMG_20260912_074120.jpg,23,Perla,207915,xiaomi_15_ultra,142.8,9.5199,2.749,2.5,0.951,958959,10581.12,14780.49,177.52,129.83,115.86,1.3673,0.4591,1,1,ok
IMG_20260912_074121.jpg,23,Perla,207915,xiaomi_15_ultra,142.56,9.5038,2.754,3.0,0.954,983863,10892.84,15207.98,178.46,130.68,117.22,1.3655,0.4671,1,1,ok
IMG_20260912_074121_1.jpg,23,Perla,207915,xiaomi_15_ultra,142.81,9.5207,2.749,2.5,0.957,975977,10767.08,15040.64,169.42,128.35,115.64,1.32,0.4951,1,1,ok
IMG_20260912_074239.jpg,24,Chaparrita,207911,xiaomi_15_ultra,152.85,10.1899,2.568,2.5,0.96,1263060,12164.21,17361.93,190.88,134.35,120.51,1.4207,0.4744,0,0,ok
IMG_20260912_074239_1.jpg,24,Chaparrita,207911,xiaomi_15_ultra,152.39,10.1596,2.576,2.5,0.953,1258624,12193.79,17387.31,194.69,129.83,119.69,1.4996,0.4824,0,0,ok
IMG_20260912_074240.jpg,24,Chaparrita,207911,xiaomi_15_ultra,152.43,10.1623,2.575,2.5,0.938,1246156,12066.71,17207.56,195.23,130.97,121.13,1.4906,0.4719,0,0,ok
IMG_20260912_074240_1.jpg,24,Chaparrita,207911,xiaomi_15_ultra,151.76,10.1175,2.587,2.5,0.959,1279570,12500.29,17800.3,201.83,130.27,121.47,1.5493,0.4754,0,0,ok
IMG_20260912_074241.jpg,24,Chaparrita,207911,xiaomi_15_ultra,152.21,10.1474,2.579,2.5,0.959,1280960,12440.26,17731.78,201.83,129.89,122.0,1.5539,0.4746,0,0,ok
IMG_20260912_074241_1.jpg,24,Chaparrita,207911,xiaomi_15_ultra,152.49,10.166,2.574,2.5,0.959,1286833,12451.57,17758.48,202.74,130.24,122.47,1.5566,0.4716,0,0,ok
IMG_20260912_074242.jpg,24,Chaparrita,207911,xiaomi_15_ultra,152.71,10.1807,2.57,2.5,0.96,1282677,12375.48,17658.27,203.03,130.05,121.6,1.5612,0.4687,0,0,ok
IMG_20260912_074242_1.jpg,24,Chaparrita,207911,xiaomi_15_ultra,152.66,10.1771,2.571,2.5,0.962,1283923,12396.21,17685.83,199.96,129.6,122.04,1.5428,0.4783,0,0,ok
IMG_20260912_074243.jpg,24,Chaparrita,207911,xiaomi_15_ultra,151.84,10.1227,2.585,2.5,0.962,1285249,12542.87,17863.91,202.32,130.89,122.69,1.5457,0.4736,0,0,ok
IMG_20260912_074243_1.jpg,24,Chaparrita,207911,xiaomi_15_ultra,152.57,10.1716,2.573,2.5,0.954,1277402,12346.64,17612.0,198.2,129.67,121.42,1.5284,0.4804,0,0,ok
IMG_20260912_074244.jpg,24,Chaparrita,207911,xiaomi_15_ultra,151.57,10.1044,2.59,2.5,0.959,1313166,12861.78,18307.38,211.49,135.49,123.51,1.561,0.4489,0,0,ok
IMG_20260912_074248.jpg,24,Chaparrita,207911,xiaomi_15_ultra,125.41,8.3609,3.13,3.0,0.955,925612,13240.97,17809.35,204.4,128.57,121.64,1.5898,0.5038,0,1,ok
IMG_20260912_074248_1.jpg,24,Chaparrita,207911,xiaomi_15_ultra,124.77,8.3177,3.146,3.0,0.953,930319,13446.9,18060.6,207.75,129.24,122.27,1.6074,0.5008,0,0,ok
IMG_20260912_074249.jpg,24,Chaparrita,207911,xiaomi_15_ultra,124.84,8.3226,3.144,3.0,0.953,914063,13196.45,17727.07,208.47,126.88,119.91,1.643,0.4989,0,0,ok
IMG_20260912_074249_1.jpg,24,Chaparrita,207911,xiaomi_15_ultra,125.53,8.3689,3.127,3.0,0.947,926594,13229.9,17799.12,209.47,126.18,120.09,1.66,0.5005,0,1,ok
IMG_20260912_074250.jpg,24,Chaparrita,207911,xiaomi_15_ultra,125.06,8.3375,3.139,3.0,0.954,911933,13118.67,17631.25,209.53,126.66,121.26,1.6544,0.4943,0,0,ok
IMG_20260912_074250_1.jpg,24,Chaparrita,207911,xiaomi_15_ultra,125.21,8.347,3.135,3.0,0.952,931016,13362.67,17964.81,211.57,129.63,124.24,1.6322,0.4872,0,1,ok
IMG_20260912_074251.jpg,24,Chaparrita,207911,xiaomi_15_ultra,126.07,8.4049,3.114,3.0,0.95,924986,13093.91,17637.08,208.57,126.35,121.24,1.6507,0.4969,0,1,ok
IMG_20260912_074251_1.jpg,24,Chaparrita,207911,xiaomi_15_ultra,125.74,8.3827,3.122,3.0,0.951,938412,13354.59,17975.03,209.96,127.53,122.16,1.6464,0.4988,0,1,ok
IMG_20260912_074255.jpg,24,Chaparrita,207911,xiaomi_15_ultra,109.41,7.2939,3.588,3.5,0.947,748665,14072.47,18268.11,219.36,123.67,121.2,1.7738,0.5188,0,0,ok
IMG_20260912_074256.jpg,24,Chaparrita,207911,xiaomi_15_ultra,109.7,7.3135,3.578,3.5,0.947,736414,13768.2,17884.86,212.62,127.71,125.11,1.6649,0.507,0,0,ok
IMG_20260912_074256_1.jpg,24,Chaparrita,207911,xiaomi_15_ultra,109.2,7.2799,3.595,3.5,0.947,754367,14234.15,18469.33,221.43,127.47,122.25,1.7371,0.5043,0,0,ok
IMG_20260912_074256_2.jpg,24,Chaparrita,207911,xiaomi_15_ultra,109.7,7.3135,3.578,3.5,0.95,740413,13842.77,17981.75,220.41,127.71,122.51,1.7259,0.4918,0,0,ok
IMG_20260912_074257.jpg,24,Chaparrita,207911,xiaomi_15_ultra,109.73,7.3156,3.577,3.5,0.948,732177,13680.95,17772.8,218.71,129.59,122.48,1.6878,0.4827,0,0,ok
IMG_20260912_074257_1.jpg,24,Chaparrita,207911,xiaomi_15_ultra,109.47,7.2977,3.586,3.5,0.944,733692,13776.68,17886.41,218.43,128.95,121.96,1.6939,0.4891,0,0,ok
IMG_20260912_074258.jpg,24,Chaparrita,207911,xiaomi_15_ultra,109.47,7.2977,3.586,3.5,0.946,738765,13871.93,18010.07,216.64,130.59,121.96,1.659,0.4903,0,0,ok
IMG_20260912_074258_1.jpg,24,Chaparrita,207911,xiaomi_15_ultra,109.3,7.2869,3.591,3.5,0.942,729062,13730.36,17819.81,216.97,129.14,121.31,1.6801,0.4901,0,0,ok
IMG_20260912_074259.jpg,24,Chaparrita,207911,xiaomi_15_ultra,109.53,7.3021,3.584,3.5,0.717,733789,13761.88,17869.83,216.51,129.69,125.31,1.6695,0.4901,0,0,ok
IMG_20260912_074259_1.jpg,24,Chaparrita,207911,xiaomi_15_ultra,109.3,7.2869,3.591,3.5,0.949,741958,13973.23,18135.02,216.0,130.92,126.53,1.6499,0.4941,0,0,ok
IMG_20260912_074300.jpg,24,Chaparrita,207911,xiaomi_15_ultra,109.27,7.2845,3.592,3.5,0.951,739718,13940.24,18090.74,218.82,127.39,122.18,1.7177,0.5001,0,0,ok
IMG_20260912_074354.jpg,25,Lucy,236669,xiaomi_15_ultra,154.01,10.267,2.549,2.5,0.95,1355042,12854.77,18392.84,210.09,122.24,119.7,1.7187,0.5006,0,0,ok
IMG_20260912_074355.jpg,25,Lucy,236669,xiaomi_15_ultra,153.06,10.204,2.565,2.5,0.956,1379230,13246.34,18914.97,209.53,123.58,121.03,1.6955,0.5116,0,0,ok
IMG_20260912_074356.jpg,25,Lucy,236669,xiaomi_15_ultra,152.05,10.1368,2.582,2.5,0.96,1377245,13403.3,19097.98,216.54,123.81,122.52,1.749,0.5,0,0,ok
IMG_20260912_074356_1.jpg,25,Lucy,236669,xiaomi_15_ultra,152.94,10.196,2.567,2.5,0.955,1371156,13189.46,18828.94,215.28,123.58,121.81,1.7421,0.4958,0,0,ok
IMG_20260912_074357.jpg,25,Lucy,236669,xiaomi_15_ultra,153.63,10.242,2.555,2.5,0.95,1361797,12982.07,18560.14,210.6,122.44,121.27,1.7201,0.5035,0,0,ok
IMG_20260912_074357_1.jpg,25,Lucy,236669,xiaomi_15_ultra,154.2,10.2801,2.546,2.5,0.948,1344588,12723.21,18212.2,206.71,123.25,120.82,1.6772,0.4994,0,0,ok
IMG_20260912_074358.jpg,25,Lucy,236669,xiaomi_15_ultra,154.16,10.2771,2.546,2.5,0.95,1323610,12531.87,17936.63,198.6,124.55,120.27,1.5945,0.5066,0,0,ok
IMG_20260912_074358_1.jpg,25,Lucy,236669,xiaomi_15_ultra,153.56,10.2373,2.556,2.5,0.954,1309672,12496.64,17863.44,198.2,121.91,121.32,1.6258,0.5172,0,0,ok
IMG_20260912_074358_2.jpg,25,Lucy,236669,xiaomi_15_ultra,154.1,10.2732,2.547,2.5,0.955,1313856,12449.08,17815.89,197.5,121.48,120.9,1.6258,0.5189,0,0,ok
IMG_20260912_074359.jpg,25,Lucy,236669,xiaomi_15_ultra,153.51,10.2338,2.557,2.5,0.939,1351380,12903.27,18442.68,198.95,123.22,121.36,1.6146,0.5264,0,0,ok
IMG_20260912_074404.jpg,25,Lucy,236669,xiaomi_15_ultra,130.44,8.6959,3.009,3.0,0.945,950473,12569.27,17093.02,201.59,127.3,122.13,1.5836,0.4898,0,1,ok
IMG_20260912_074404_1.jpg,25,Lucy,236669,xiaomi_15_ultra,129.48,8.6319,3.032,3.0,0.95,949665,12745.38,17296.2,204.59,127.55,123.15,1.604,0.4884,0,0,ok
IMG_20260912_074405.jpg,25,Lucy,236669,xiaomi_15_ultra,130.38,8.6918,3.011,3.0,0.952,948473,12554.8,17071.02,196.62,129.66,123.68,1.5164,0.4924,0,0,ok
IMG_20260912_074405_1.jpg,25,Lucy,236669,xiaomi_15_ultra,130.43,8.6951,3.01,3.0,0.955,947125,12527.18,17035.35,194.36,130.99,122.94,1.4838,0.492,0,1,ok
IMG_20260912_074406.jpg,25,Lucy,236669,xiaomi_15_ultra,130.39,8.6929,3.01,3.0,0.951,952520,12604.91,17139.82,198.09,128.84,122.28,1.5375,0.4939,0,1,ok
IMG_20260912_074406_1.jpg,25,Lucy,236669,xiaomi_15_ultra,130.6,8.7064,3.006,3.0,0.951,943938,12452.68,16940.31,197.1,127.84,122.78,1.5418,0.4942,0,1,ok
IMG_20260912_074407.jpg,25,Lucy,236669,xiaomi_15_ultra,130.15,8.6764,3.016,3.0,0.95,962391,12784.03,17373.98,206.54,123.21,122.52,1.6763,0.5024,0,0,ok
IMG_20260912_074407_1.jpg,25,Lucy,236669,xiaomi_15_ultra,130.15,8.6764,3.016,3.0,0.946,954130,12674.29,17224.84,202.16,123.21,123.21,1.6408,0.5089,0,0,ok
IMG_20260912_074408.jpg,25,Lucy,236669,xiaomi_15_ultra,130.32,8.6879,3.012,3.0,0.948,978900,12969.2,17632.23,206.96,122.93,122.24,1.6835,0.5098,0,0,ok
IMG_20260912_074408_1.jpg,25,Lucy,236669,xiaomi_15_ultra,130.54,8.7027,3.007,3.0,0.95,996166,13153.1,17890.92,210.28,124.21,122.72,1.6929,0.5036,0,1,ok
IMG_20260912_074414.jpg,25,Lucy,236669,xiaomi_15_ultra,106.94,7.1295,3.671,3.5,0.943,739483,14548.21,18781.71,210.95,131.0,131.0,1.6103,0.5264,0,0,ok
IMG_20260912_074414_1.jpg,25,Lucy,236669,xiaomi_15_ultra,106.91,7.1273,3.672,3.5,0.947,735489,14478.49,18690.33,207.37,130.2,130.2,1.5927,0.5362,0,0,ok
IMG_20260912_074415.jpg,25,Lucy,236669,xiaomi_15_ultra,107.22,7.1479,3.661,3.5,0.947,743528,14552.51,18798.9,205.09,130.67,130.67,1.5696,0.543,0,0,ok
IMG_20260912_074415_1.jpg,25,Lucy,236669,xiaomi_15_ultra,106.94,7.1295,3.671,3.5,0.94,773733,15222.01,19651.59,219.09,131.15,129.32,1.6706,0.5298,0,0,ok
IMG_20260912_074416.jpg,25,Lucy,236669,xiaomi_15_ultra,106.67,7.1111,3.68,3.5,0.946,742255,14678.46,18938.13,223.31,132.33,132.33,1.6876,0.4967,0,0,ok
IMG_20260912_074416_1.jpg,25,Lucy,236669,xiaomi_15_ultra,106.86,7.1239,3.673,3.5,0.94,754436,14865.78,19188.07,226.42,129.42,125.77,1.7495,0.5073,0,0,ok
IMG_20260912_074417.jpg,25,Lucy,236669,xiaomi_15_ultra,107.32,7.1546,3.658,3.5,0.941,768377,15010.65,19395.1,227.27,128.87,127.47,1.7636,0.5125,0,0,ok
IMG_20260912_074417_1.jpg,25,Lucy,236669,xiaomi_15_ultra,107.08,7.1389,3.666,3.5,0.938,760450,14921.37,19269.55,228.61,129.99,128.59,1.7586,0.5021,0,0,ok
IMG_20260912_074418.jpg,25,Lucy,236669,xiaomi_15_ultra,107.12,7.1415,3.664,3.5,0.936,756536,14833.75,19158.07,227.68,133.45,129.94,1.7062,0.4882,0,0,ok
IMG_20260912_074418_1.jpg,25,Lucy,236669,xiaomi_15_ultra,106.36,7.0906,3.691,3.5,0.936,763590,15187.68,19581.64,230.16,133.7,130.88,1.7215,0.4936,0,0,ok
IMG_20260912_074418_2.jpg,25,Lucy,236669,xiaomi_15_ultra,106.41,7.0941,3.689,3.5,0.936,769023,15280.95,19704.16,227.23,134.48,132.65,1.6897,0.5001,0,0,ok
IMG_20260912_074419.jpg,25,Lucy,236669,xiaomi_15_ultra,106.14,7.0757,3.698,3.5,0.935,765106,15281.92,19693.27,228.81,135.67,132.99,1.6865,0.4923,0,0,ok
IMG_20260912_074419_1.jpg,25,Lucy,236669,xiaomi_15_ultra,105.86,7.0575,3.708,3.5,0.937,762270,15304.28,19709.95,227.7,137.02,133.33,1.6618,0.4905,0,0,ok
IMG_20260912_074443.jpg,25,Lucy,236669,xiaomi_15_ultra,,,,,,,,,,,,,,,0,sin_vaca
IMG_20260912_074529.jpg,26,Mariita,,xiaomi_15_ultra,188.8,12.5866,2.079,2.5,0.933,2054837,12970.7,19959.42,208.0,122.51,122.27,1.6978,0.509,0,0,ok
IMG_20260912_074530.jpg,26,Mariita,,xiaomi_15_ultra,187.84,12.5225,2.09,2.5,0.952,2067349,13183.45,20246.81,210.58,124.26,123.7,1.6947,0.5038,0,0,ok
IMG_20260912_074530_1.jpg,26,Mariita,,xiaomi_15_ultra,187.36,12.4907,2.095,2.5,0.955,2079369,13327.83,20448.44,211.6,123.45,121.69,1.714,0.5102,0,0,ok
IMG_20260912_074531.jpg,26,Mariita,,xiaomi_15_ultra,186.19,12.4125,2.108,2.5,0.953,2068180,13423.69,20545.86,212.45,124.79,124.47,1.7024,0.5063,0,0,ok
IMG_20260912_074531_1.jpg,26,Mariita,,xiaomi_15_ultra,186.4,12.4269,2.106,2.5,0.954,2074654,13434.56,20571.63,212.68,125.21,125.21,1.6986,0.5045,0,0,ok
IMG_20260912_074532.jpg,26,Mariita,,xiaomi_15_ultra,186.35,12.4232,2.106,2.5,0.953,2074243,13439.85,20577.39,212.26,125.25,124.69,1.6947,0.5055,0,0,ok
IMG_20260912_074533.jpg,26,Mariita,,xiaomi_15_ultra,186.63,12.4423,2.103,2.5,0.951,2098402,13554.56,20765.3,209.85,124.01,122.89,1.6922,0.5209,0,0,ok
IMG_20260912_074533_1.jpg,26,Mariita,,xiaomi_15_ultra,186.36,12.4242,2.106,2.5,0.954,1994794,12922.85,19786.48,202.43,121.05,118.0,1.6722,0.5274,0,0,ok
IMG_20260912_074534.jpg,26,Mariita,,xiaomi_15_ultra,185.9,12.3932,2.112,2.5,0.946,2030899,13222.83,20226.35,204.55,125.55,124.67,1.6292,0.5149,0,0,ok
IMG_20260912_074540.jpg,26,Mariita,,xiaomi_15_ultra,147.1,9.8066,2.668,2.5,0.962,1434062,14911.75,21023.36,221.28,129.2,129.2,1.7127,0.5216,0,0,ok
IMG_20260912_074540_1.jpg,26,Mariita,,xiaomi_15_ultra,147.13,9.8089,2.668,2.5,0.958,1435081,14915.51,21030.18,220.51,131.11,130.49,1.682,0.5159,0,0,ok
IMG_20260912_074540_2.jpg,26,Mariita,,xiaomi_15_ultra,147.61,9.8409,2.659,2.5,0.954,1439851,14867.71,20984.43,219.19,130.78,130.07,1.676,0.5187,0,0,ok
IMG_20260912_074541.jpg,26,Mariita,,xiaomi_15_ultra,147.31,9.8208,2.665,2.5,0.958,1423454,14758.87,20817.29,219.64,127.08,125.14,1.7284,0.5288,0,0,ok
IMG_20260912_074541_1.jpg,26,Mariita,,xiaomi_15_ultra,147.1,9.8066,2.668,2.5,0.957,1415385,14717.56,20749.58,219.95,128.59,127.97,1.7105,0.5204,0,0,ok
IMG_20260912_074542.jpg,26,Mariita,,xiaomi_15_ultra,147.85,9.8565,2.655,2.5,0.957,1435977,14780.82,20872.25,219.45,129.15,128.54,1.6991,0.5215,0,0,ok
IMG_20260912_074542_1.jpg,26,Mariita,,xiaomi_15_ultra,147.57,9.8382,2.66,2.5,0.958,1436267,14839.11,20942.18,219.86,129.5,128.78,1.6978,0.5212,0,0,ok
IMG_20260912_074543.jpg,26,Mariita,,xiaomi_15_ultra,148.07,9.8715,2.651,2.5,0.956,1425248,14626.08,20663.65,217.8,129.67,128.96,1.6797,0.5179,0,0,ok
IMG_20260912_074543_1.jpg,26,Mariita,,xiaomi_15_ultra,147.56,9.8374,2.66,2.5,0.959,1444438,14925.95,21064.2,219.27,131.44,131.44,1.6682,0.5179,0,0,ok
IMG_20260912_074544.jpg,26,Mariita,,xiaomi_15_ultra,147.82,9.8548,2.655,2.5,0.959,1432675,14752.18,20830.61,220.2,130.5,129.89,1.6874,0.5134,0,0,ok
IMG_20260912_074544_1.jpg,26,Mariita,,xiaomi_15_ultra,148.07,9.8715,2.651,2.5,0.955,1453064,14911.53,21066.94,221.14,128.35,127.74,1.723,0.5254,0,0,ok
IMG_20260912_074550.jpg,26,Mariita,,xiaomi_15_ultra,122.66,8.1774,3.2,3.0,0.945,1052451,15738.79,21041.15,226.23,133.05,133.05,1.7004,0.5229,0,1,ok
IMG_20260912_074550_1.jpg,26,Mariita,,xiaomi_15_ultra,122.15,8.1435,3.213,3.0,0.947,1070808,16146.81,21562.47,227.91,133.6,133.6,1.7059,0.5303,0,0,ok
IMG_20260912_074551.jpg,26,Mariita,,xiaomi_15_ultra,122.17,8.1448,3.213,3.0,0.945,1042103,15708.87,20978.56,228.61,132.72,132.72,1.7225,0.5177,0,0,ok
IMG_20260912_074551_1.jpg,26,Mariita,,xiaomi_15_ultra,121.91,8.1271,3.22,3.0,0.943,1093464,16555.13,22095.74,229.11,132.27,132.27,1.7321,0.5463,0,0,ok
IMG_20260912_074552.jpg,26,Mariita,,xiaomi_15_ultra,122.38,8.1588,3.207,3.0,0.942,1066565,16022.8,21407.65,228.22,132.5,132.5,1.7225,0.5299,0,1,ok
IMG_20260912_074552_1.jpg,26,Mariita,,xiaomi_15_ultra,122.4,8.1603,3.207,3.0,0.943,1067112,16025.17,21411.87,228.18,131.74,131.74,1.7321,0.5331,0,0,ok
IMG_20260912_074553.jpg,26,Mariita,,xiaomi_15_ultra,122.9,8.1935,3.194,3.0,0.94,1102034,16415.56,21957.6,226.52,131.2,131.2,1.7265,0.5523,0,1,ok
IMG_20260912_074553_1.jpg,26,Mariita,,xiaomi_15_ultra,122.65,8.1769,3.2,3.0,0.943,1102904,16495.14,22051.97,227.84,130.73,130.73,1.7428,0.5538,0,1,ok
IMG_20260912_074553_2.jpg,26,Mariita,,xiaomi_15_ultra,122.65,8.1769,3.2,3.0,0.937,1084156,16214.74,21677.11,226.98,132.32,130.0,1.7153,0.5399,0,1,ok
IMG_20260912_074554.jpg,26,Mariita,,xiaomi_15_ultra,122.2,8.1467,3.212,3.0,0.939,1092466,16460.54,21983.73,225.49,133.55,133.55,1.6884,0.5466,0,0,ok
IMG_20260912_074554_1.jpg,26,Mariita,,xiaomi_15_ultra,121.94,8.1297,3.219,3.0,0.939,1097720,16609.14,22169.69,224.36,133.83,133.83,1.6765,0.5531,0,0,ok
IMG_20260912_074555.jpg,26,Mariita,,xiaomi_15_ultra,121.25,8.0836,3.237,3.0,0.941,1093939,16740.92,22311.59,226.38,136.94,136.94,1.6531,0.54,0,0,ok
IMG_20260912_074555_1.jpg,26,Mariita,,xiaomi_15_ultra,120.98,8.0655,3.245,3.0,0.934,1064984,16371.08,21805.61,227.76,133.28,133.28,1.7088,0.5393,0,0,ok
IMG_20260912_074556.jpg,26,Mariita,,xiaomi_15_ultra,121.48,8.0988,3.231,3.0,0.942,1059699,16156.08,21542.98,225.96,135.08,134.34,1.6728,0.5293,0,0,ok
IMG_20260912_074736.jpg,27,Diajira,236688,xiaomi_15_ultra,143.22,9.5481,2.741,2.5,0.938,1359484,14912.21,20849.43,228.53,143.38,128.3,1.5939,0.4551,0,0,ok
IMG_20260912_074736_1.jpg,27,Diajira,236688,xiaomi_15_ultra,143.58,9.5718,2.734,2.5,0.95,1360275,14846.9,20774.06,230.68,143.02,128.61,1.6129,0.45,0,0,ok
IMG_20260912_074737.jpg,27,Diajira,236688,xiaomi_15_ultra,143.41,9.5606,2.737,2.5,0.949,1376258,15056.81,21060.1,233.56,142.56,129.28,1.6383,0.4522,0,0,ok
IMG_20260912_074737_1.jpg,27,Diajira,236688,xiaomi_15_ultra,143.46,9.5638,2.736,2.5,0.932,1371826,14998.16,20980.26,232.23,143.88,128.71,1.6141,0.4489,0,0,ok
IMG_20260912_074738.jpg,27,Diajira,236688,xiaomi_15_ultra,143.19,9.5462,2.741,2.5,0.959,1365411,14983.02,20947.19,233.29,143.41,128.32,1.6267,0.4479,0,0,ok
IMG_20260912_074738_1.jpg,27,Diajira,236688,xiaomi_15_ultra,143.55,9.5699,2.734,2.5,0.96,1368136,14938.65,20901.16,231.35,143.05,129.15,1.6172,0.4514,0,0,ok
IMG_20260912_074739.jpg,27,Diajira,236688,xiaomi_15_ultra,143.31,9.5537,2.739,2.5,0.958,1351567,14808.02,20707.5,229.13,144.76,128.64,1.5828,0.4464,0,0,ok
IMG_20260912_074739_1.jpg,27,Diajira,236688,xiaomi_15_ultra,142.98,9.5319,2.745,2.5,0.954,1336801,14713.07,20560.29,228.91,143.73,128.52,1.5927,0.4472,0,0,ok
IMG_20260912_074742.jpg,27,Diajira,236688,xiaomi_15_ultra,123.48,8.2318,3.179,3.0,0.961,983331,14511.53,19435.3,223.89,141.52,127.92,1.582,0.458,0,1,ok
IMG_20260912_074743.jpg,27,Diajira,236688,xiaomi_15_ultra,123.71,8.2477,3.173,3.0,0.958,993642,14607.27,19573.79,222.73,142.83,127.31,1.5594,0.4592,0,1,ok
IMG_20260912_074743_1.jpg,27,Diajira,236688,xiaomi_15_ultra,123.54,8.236,3.177,3.0,0.949,982868,14489.95,19409.08,222.2,143.64,127.85,1.5469,0.454,0,1,ok
IMG_20260912_074744.jpg,27,Diajira,236688,xiaomi_15_ultra,123.07,8.2046,3.19,3.0,0.957,967259,14369.17,19227.36,219.88,141.14,126.64,1.5579,0.463,0,0,ok
IMG_20260912_074744_1.jpg,27,Diajira,236688,xiaomi_15_ultra,123.07,8.2046,3.19,3.0,0.958,977454,14520.62,19430.01,219.15,141.87,126.39,1.5447,0.467,0,0,ok
IMG_20260912_074745.jpg,27,Diajira,236688,xiaomi_15_ultra,122.61,8.1738,3.202,3.0,0.957,975434,14600.02,19516.38,219.97,142.53,128.83,1.5433,0.4657,0,0,ok
IMG_20260912_074745_1.jpg,27,Diajira,236688,xiaomi_15_ultra,123.11,8.2074,3.188,3.0,0.961,973749,14455.55,19344.76,223.09,141.21,127.2,1.5798,0.4589,0,1,ok
IMG_20260912_074746.jpg,27,Diajira,236688,xiaomi_15_ultra,123.11,8.2074,3.188,3.0,0.959,972453,14436.31,19319.01,221.51,141.94,127.57,1.5605,0.4591,0,1,ok
IMG_20260912_074746_1.jpg,27,Diajira,236688,xiaomi_15_ultra,123.11,8.2074,3.188,3.0,0.954,969915,14398.63,19268.59,221.51,137.92,127.2,1.606,0.4713,0,0,ok
IMG_20260912_074747.jpg,27,Diajira,236688,xiaomi_15_ultra,123.11,8.2074,3.188,3.0,0.96,963753,14307.16,19146.18,218.34,138.05,127.45,1.5816,0.4747,0,0,ok
IMG_20260912_074751.jpg,27,Diajira,236688,xiaomi_15_ultra,104.63,6.975,3.752,3.5,0.946,729696,14998.6,19262.69,225.66,148.67,130.32,1.5178,0.4471,0,0,ok
IMG_20260912_074751_1.jpg,27,Diajira,236688,xiaomi_15_ultra,104.51,6.9673,3.756,3.5,0.95,737340,15189.18,19502.4,229.64,150.7,132.76,1.5238,0.4389,0,0,ok
IMG_20260912_074752.jpg,27,Diajira,236688,xiaomi_15_ultra,104.74,6.9826,3.748,3.5,0.955,732784,15029.32,19307.09,229.14,147.65,130.18,1.5519,0.4442,0,0,ok
IMG_20260912_074752_1.jpg,27,Diajira,236688,xiaomi_15_ultra,104.45,6.963,3.758,3.5,0.952,738213,15225.99,19546.82,228.78,148.93,131.98,1.5362,0.4469,0,0,ok
IMG_20260912_074752_2.jpg,27,Diajira,236688,xiaomi_15_ultra,104.55,6.9698,3.755,3.5,0.943,734008,15110.03,19402.36,226.84,148.64,132.72,1.5261,0.4481,0,0,ok
IMG_20260912_074753.jpg,27,Diajira,236688,xiaomi_15_ultra,104.81,6.9874,3.745,3.5,0.947,719965,14746.23,18946.48,217.96,148.27,132.81,1.4701,0.4563,0,0,ok
IMG_20260912_074753_1.jpg,27,Diajira,236688,xiaomi_15_ultra,104.86,6.9906,3.743,3.5,0.951,719333,14719.84,18914.6,214.15,147.34,130.46,1.4534,0.4665,0,0,ok
IMG_20260912_074754.jpg,27,Diajira,236688,xiaomi_15_ultra,104.63,6.975,3.752,3.5,0.951,726151,14925.73,19169.11,216.63,147.81,131.61,1.4656,0.4661,0,0,ok
IMG_20260912_074754_1.jpg,27,Diajira,236688,xiaomi_15_ultra,104.86,6.9904,3.744,3.5,0.953,722795,14791.36,19006.4,217.01,148.35,130.46,1.4629,0.4595,0,0,ok
IMG_20260912_074755.jpg,27,Diajira,236688,xiaomi_15_ultra,104.91,6.9938,3.742,3.5,0.95,723823,14798.21,19017.35,215.05,149.13,132.12,1.442,0.4614,0,0,ok
IMG_20260912_074755_1.jpg,27,Diajira,236688,xiaomi_15_ultra,104.86,6.9904,3.744,3.5,0.953,714692,14625.54,18793.33,214.29,146.49,131.89,1.4629,0.4659,0,0,ok
IMG_20260912_074852.jpg,28,Valentina,246521,xiaomi_15_ultra,154.96,10.331,2.533,2.5,0.949,1346882,12619.61,18093.29,196.98,127.0,121.48,1.5511,0.5045,0,0,ok
IMG_20260912_074853.jpg,28,Valentina,246521,xiaomi_15_ultra,153.62,10.2414,2.555,2.5,0.958,1315459,12541.8,17930.35,198.12,128.11,123.71,1.5465,0.4942,0,0,ok
IMG_20260912_074853_1.jpg,28,Valentina,246521,xiaomi_15_ultra,153.82,10.2546,2.552,2.5,0.955,1308845,12446.64,17801.81,199.03,128.63,124.24,1.5474,0.4862,0,0,ok
IMG_20260912_074854.jpg,28,Valentina,246521,xiaomi_15_ultra,153.48,10.2317,2.558,2.5,0.954,1309147,12505.21,17872.52,199.48,128.23,123.83,1.5556,0.4889,0,0,ok
IMG_20260912_074854_1.jpg,28,Valentina,246521,xiaomi_15_ultra,153.31,10.2204,2.56,2.5,0.953,1310283,12543.69,17921.06,199.7,126.41,122.7,1.5797,0.4969,0,0,ok
IMG_20260912_074855.jpg,28,Valentina,246521,xiaomi_15_ultra,153.67,10.2445,2.554,2.5,0.953,1318251,12560.78,17959.27,200.6,129.34,124.95,1.5509,0.4841,0,0,ok
IMG_20260912_074855_1.jpg,28,Valentina,246521,xiaomi_15_ultra,153.36,10.2243,2.559,2.5,0.952,1312604,12556.54,17941.6,200.31,126.46,122.75,1.5839,0.4957,0,0,ok
IMG_20260912_074856.jpg,28,Valentina,246521,xiaomi_15_ultra,153.38,10.2253,2.559,2.5,0.953,1311517,12543.54,17923.63,198.43,126.45,122.73,1.5692,0.4999,0,0,ok
IMG_20260912_074856_1.jpg,28,Valentina,246521,xiaomi_15_ultra,152.47,10.1645,2.575,2.5,0.947,1300349,12585.97,17949.32,202.17,126.52,123.37,1.598,0.492,0,0,ok
IMG_20260912_074857.jpg,28,Valentina,246521,xiaomi_15_ultra,152.87,10.1911,2.568,2.5,0.956,1334321,12847.57,18337.97,202.82,126.19,121.77,1.6073,0.502,0,0,ok
IMG_20260912_074857_1.jpg,28,Valentina,246521,xiaomi_15_ultra,153.82,10.2546,2.552,2.5,0.952,1331964,12666.47,18116.23,201.57,125.5,121.02,1.6061,0.5007,0,0,ok
IMG_20260912_074858.jpg,28,Valentina,246521,xiaomi_15_ultra,154.88,10.325,2.535,2.5,0.955,1334469,12517.8,17943.9,199.61,126.49,122.81,1.5781,0.4958,0,0,ok
IMG_20260912_074901.jpg,28,Valentina,246521,xiaomi_15_ultra,132.13,8.8086,2.971,3.0,0.944,1002779,12923.98,17640.32,194.7,123.52,120.56,1.5763,0.5374,0,0,ok
IMG_20260912_074902.jpg,28,Valentina,246521,xiaomi_15_ultra,132.1,8.8063,2.972,3.0,0.936,987673,12735.68,17382.05,195.43,124.23,121.39,1.5731,0.5246,0,1,ok
IMG_20260912_074902_1.jpg,28,Valentina,246521,xiaomi_15_ultra,132.11,8.8073,2.971,3.0,0.934,967108,12467.82,17016.99,188.14,125.01,122.06,1.505,0.5301,0,0,ok
IMG_20260912_074903.jpg,28,Valentina,246521,xiaomi_15_ultra,132.06,8.8043,2.972,3.0,0.936,986648,12728.5,17371.06,193.43,122.78,120.17,1.5754,0.5359,0,1,ok
IMG_20260912_074904.jpg,28,Valentina,246521,xiaomi_15_ultra,131.55,8.7699,2.984,3.0,0.946,977921,12714.86,17332.97,196.24,127.71,124.86,1.5366,0.5073,0,1,ok
IMG_20260912_074904_1.jpg,28,Valentina,246521,xiaomi_15_ultra,131.75,8.7833,2.979,3.0,0.948,994346,12889.09,17578.17,196.74,136.96,122.39,1.4364,0.4783,0,1,ok
IMG_20260912_074905.jpg,28,Valentina,246521,xiaomi_15_ultra,131.81,8.7871,2.978,3.0,0.944,996445,12905.14,17602.25,197.45,137.7,122.34,1.4339,0.4746,0,1,ok
IMG_20260912_074905_1.jpg,28,Valentina,246521,xiaomi_15_ultra,132.07,8.8044,2.972,3.0,0.954,999257,12890.59,17592.39,196.26,141.07,122.89,1.3913,0.4656,0,0,ok
IMG_20260912_074910.jpg,28,Valentina,246521,xiaomi_15_ultra,111.63,7.4419,3.516,3.5,0.947,749432,13531.99,17653.82,199.55,136.79,125.51,1.4587,0.4957,0,0,ok
IMG_20260912_074910_1.jpg,28,Valentina,246521,xiaomi_15_ultra,111.36,7.4241,3.525,3.5,0.94,735733,13348.42,17403.96,198.27,135.23,125.81,1.4661,0.4978,0,0,ok
IMG_20260912_074911.jpg,28,Valentina,246521,xiaomi_15_ultra,111.36,7.4241,3.525,3.5,0.945,730804,13258.99,17287.36,197.46,133.62,125.81,1.4778,0.5025,0,0,ok
IMG_20260912_074911_1.jpg,28,Valentina,246521,xiaomi_15_ultra,111.33,7.4222,3.526,3.5,0.944,732573,13298.1,17337.22,196.57,129.34,124.22,1.5198,0.523,0,0,ok
IMG_20260912_074912.jpg,28,Valentina,246521,xiaomi_15_ultra,111.35,7.423,3.525,3.5,0.936,708751,12862.63,16769.97,197.36,125.02,124.21,1.5787,0.5213,0,0,ok
IMG_20260912_074912_1.jpg,28,Valentina,246521,xiaomi_15_ultra,110.83,7.3888,3.542,3.5,0.944,711309,13028.86,16967.26,194.89,128.98,124.92,1.511,0.5183,0,0,ok
IMG_20260912_074913.jpg,28,Valentina,246521,xiaomi_15_ultra,110.57,7.3713,3.55,3.5,0.936,710206,13070.47,17011.48,196.17,128.47,126.71,1.5269,0.5186,0,0,ok
IMG_20260912_074913_1.jpg,28,Valentina,246521,xiaomi_15_ultra,110.07,7.338,3.566,3.5,0.938,716142,13299.75,17290.56,197.06,129.05,125.65,1.5269,0.523,0,0,ok
IMG_20260912_074914.jpg,28,Valentina,246521,xiaomi_15_ultra,109.34,7.2892,3.59,3.5,0.935,711483,13390.78,17380.44,199.34,125.67,125.67,1.5862,0.5346,0,0,ok
IMG_20260912_074914_1.jpg,28,Valentina,246521,xiaomi_15_ultra,109.38,7.2918,3.589,3.5,0.944,708112,13317.88,17287.32,200.09,124.66,123.84,1.6051,0.5339,0,0,ok
IMG_20260912_074915.jpg,28,Valentina,246521,xiaomi_15_ultra,109.84,7.3225,3.574,3.5,0.928,712549,13289.04,17267.68,200.07,124.14,121.54,1.6117,0.5351,0,0,ok
IMG_20260912_074915_1.jpg,28,Valentina,246521,xiaomi_15_ultra,109.4,7.2935,3.588,3.5,0.939,728533,13695.51,17778.53,207.17,126.28,124.63,1.6406,0.5235,0,0,ok
IMG_20260912_074916.jpg,28,Valentina,246521,xiaomi_15_ultra,109.14,7.2757,3.597,3.5,0.942,727058,13734.78,17818.85,206.72,126.59,124.94,1.633,0.5249,0,0,ok
IMG_20260912_074916_1.jpg,28,Valentina,246521,xiaomi_15_ultra,109.14,7.2757,3.597,3.5,0.947,732413,13835.94,17950.09,208.5,127.55,124.39,1.6347,0.5203,0,0,ok
IMG_20260912_075027.jpg,29,Bengala,246510,xiaomi_15_ultra,154.86,10.3239,2.535,2.5,0.957,1373685,12888.29,18474.36,205.15,129.6,122.14,1.583,0.4847,0,0,ok
IMG_20260912_075028.jpg,29,Bengala,246510,xiaomi_15_ultra,155.81,10.3873,2.519,2.5,0.951,1378965,12780.41,18356.81,201.4,129.97,123.23,1.5496,0.4883,0,0,ok
IMG_20260912_075029.jpg,29,Bengala,246510,xiaomi_15_ultra,155.34,10.356,2.527,2.5,0.963,1374348,12814.74,18387.75,203.36,131.03,122.92,1.552,0.4809,0,0,ok
IMG_20260912_075029_1.jpg,29,Bengala,246510,xiaomi_15_ultra,155.54,10.3697,2.524,2.5,0.96,1380613,12839.37,18431.09,204.92,130.19,121.6,1.5741,0.4813,0,0,ok
IMG_20260912_075029_2.jpg,29,Bengala,246510,xiaomi_15_ultra,156.28,10.419,2.512,2.5,0.964,1380000,12712.49,18277.67,202.13,129.0,121.61,1.567,0.4876,0,0,ok
IMG_20260912_075030.jpg,29,Bengala,246510,xiaomi_15_ultra,156.54,10.4361,2.508,2.5,0.961,1374684,12621.95,18157.41,202.37,128.78,119.01,1.5714,0.4843,0,0,ok
IMG_20260912_075030_1.jpg,29,Bengala,246510,xiaomi_15_ultra,156.54,10.436,2.508,2.5,0.959,1381672,12686.37,18250.02,202.95,129.36,122.27,1.5689,0.4832,0,0,ok
IMG_20260912_075031.jpg,29,Bengala,246510,xiaomi_15_ultra,156.79,10.4524,2.504,2.5,0.959,1362233,12468.65,17946.19,202.63,127.34,118.15,1.5913,0.4832,0,0,ok
IMG_20260912_075031_1.jpg,29,Bengala,246510,xiaomi_15_ultra,156.28,10.419,2.512,2.5,0.96,1378088,12694.87,18252.33,203.96,129.57,122.18,1.5741,0.4804,0,0,ok
IMG_20260912_075032.jpg,29,Bengala,246510,xiaomi_15_ultra,156.57,10.4379,2.507,2.5,0.961,1378671,12654.17,18204.81,204.73,127.52,121.67,1.6056,0.4847,1,0,ok
IMG_20260912_075035.jpg,29,Bengala,246510,xiaomi_15_ultra,131.28,8.752,2.99,3.0,0.958,970599,12671.51,17263.72,201.78,129.46,117.0,1.5587,0.4851,0,0,ok
IMG_20260912_075035_1.jpg,29,Bengala,246510,xiaomi_15_ultra,130.77,8.7181,3.002,3.0,0.956,966657,12718.19,17308.13,201.88,129.16,122.16,1.5631,0.4878,1,1,ok
IMG_20260912_075036.jpg,29,Bengala,246510,xiaomi_15_ultra,130.77,8.7181,3.002,3.0,0.952,969988,12762.02,17367.78,199.01,131.45,118.95,1.514,0.4878,1,0,ok
IMG_20260912_075036_1.jpg,29,Bengala,246510,xiaomi_15_ultra,130.78,8.7188,3.001,3.0,0.946,974637,12821.3,17448.82,198.88,129.95,122.61,1.5305,0.4961,1,1,ok
IMG_20260912_075037.jpg,29,Bengala,246510,xiaomi_15_ultra,130.78,8.7188,3.001,3.0,0.953,957797,12599.77,17147.33,194.52,129.95,120.43,1.4969,0.4984,1,1,ok
IMG_20260912_075037_1.jpg,29,Bengala,246510,xiaomi_15_ultra,130.55,8.7033,3.007,3.0,0.948,963247,12716.47,17297.4,195.56,130.18,123.52,1.5022,0.4995,1,0,ok
IMG_20260912_075038.jpg,29,Bengala,246510,xiaomi_15_ultra,130.82,8.7216,3.0,3.0,0.951,947236,12452.82,16948.9,195.15,129.91,118.9,1.5022,0.4912,1,1,ok
IMG_20260912_075038_1.jpg,29,Bengala,246510,xiaomi_15_ultra,130.82,8.7213,3.001,3.0,0.953,956278,12572.43,17111.56,195.27,128.42,121.89,1.5205,0.5014,1,1,ok
IMG_20260912_075038_2.jpg,29,Bengala,246510,xiaomi_15_ultra,130.57,8.7049,3.006,3.0,0.954,943703,12454.06,16941.31,197.13,130.16,120.62,1.5146,0.4854,1,0,ok
IMG_20260912_075039.jpg,29,Bengala,246510,xiaomi_15_ultra,131.3,8.7533,2.99,3.0,0.953,954297,12455.02,16969.49,195.24,128.64,119.16,1.5178,0.4959,1,0,ok
IMG_20260912_075039_1.jpg,29,Bengala,246510,xiaomi_15_ultra,131.53,8.7687,2.984,3.0,0.954,961564,12505.69,17047.14,194.9,127.73,121.91,1.5259,0.5024,1,0,ok
IMG_20260912_075040.jpg,29,Bengala,246510,xiaomi_15_ultra,131.81,8.7874,2.978,3.0,0.95,938054,12147.95,16569.65,193.69,128.14,121.65,1.5115,0.4895,1,0,ok
IMG_20260912_075040_1.jpg,29,Bengala,246510,xiaomi_15_ultra,132.01,8.8009,2.973,3.0,0.952,958525,12375.17,16887.0,200.78,127.94,119.31,1.5693,0.4818,1,0,ok
IMG_20260912_075046.jpg,29,Bengala,246510,xiaomi_15_ultra,112.54,7.5025,3.488,3.5,0.885,713702,12679.62,16575.35,205.53,129.69,123.69,1.5848,0.4757,1,0,ok
IMG_20260912_075047.jpg,29,Bengala,246510,xiaomi_15_ultra,112.28,7.4853,3.496,3.5,0.951,711829,12704.4,16598.22,202.66,128.25,121.84,1.5802,0.4888,1,0,ok
IMG_20260912_075047_1.jpg,29,Bengala,246510,xiaomi_15_ultra,112.06,7.4707,3.503,3.5,0.947,701006,12560.37,16402.01,195.3,128.5,122.08,1.5198,0.5005,1,0,ok
IMG_20260912_075048.jpg,29,Bengala,246510,xiaomi_15_ultra,111.81,7.4541,3.511,3.5,0.947,709139,12762.73,16657.01,204.32,130.4,123.15,1.5669,0.479,1,0,ok
IMG_20260912_075048_1.jpg,29,Bengala,246510,xiaomi_15_ultra,111.86,7.4572,3.509,3.5,0.949,708435,12739.36,16628.25,201.68,128.73,121.9,1.5667,0.4907,1,0,ok
IMG_20260912_075049.jpg,29,Bengala,246510,xiaomi_15_ultra,112.32,7.488,3.495,3.5,0.951,711174,12683.72,16572.67,198.32,128.21,122.2,1.5469,0.4989,1,0,ok
IMG_20260912_075049_1.jpg,29,Bengala,246510,xiaomi_15_ultra,112.06,7.471,3.503,3.5,0.954,717627,12857.21,16789.79,202.12,128.5,122.47,1.5729,0.4951,1,0,ok
IMG_20260912_075050.jpg,29,Bengala,246510,xiaomi_15_ultra,111.8,7.4533,3.511,3.5,0.947,720389,12967.75,16924.17,200.85,128.8,119.41,1.5594,0.5013,0,0,ok
IMG_20260912_075050_1.jpg,29,Bengala,246510,xiaomi_15_ultra,110.55,7.3701,3.551,3.5,0.943,725754,13361.07,17388.98,203.25,130.26,122.39,1.5604,0.5047,0,0,ok
IMG_20260912_075051.jpg,29,Bengala,246510,xiaomi_15_ultra,109.02,7.2677,3.601,3.5,0.949,720759,13645.59,17698.42,203.36,127.69,123.28,1.5927,0.5255,1,0,ok
IMG_20260912_075051_1.jpg,29,Bengala,246510,xiaomi_15_ultra,109.02,7.2677,3.601,3.5,0.941,705357,13354.0,17320.23,204.33,126.86,122.46,1.6106,0.5152,1,0,ok
IMG_20260912_075053.jpg,29,Bengala,246510,xiaomi_15_ultra,106.03,7.0689,3.702,3.5,0.938,776302,15535.71,20015.69,222.81,132.27,130.43,1.6845,0.5272,0,0,ok
IMG_20260912_075156.jpg,30,Victoria,,xiaomi_15_ultra,159.6,10.6401,2.459,2.5,0.956,1716640,15163.15,21955.06,224.9,135.9,132.89,1.6549,0.4961,0,0,ok
IMG_20260912_075156_1.jpg,30,Victoria,,xiaomi_15_ultra,,,,,0.943,1733326,,,,,,,,,0,sin_marcador
IMG_20260912_075157.jpg,30,Victoria,,xiaomi_15_ultra,160.81,10.7205,2.441,2.5,0.959,1714419,14917.07,21653.98,220.88,135.44,131.9,1.6309,0.4986,0,0,ok
IMG_20260912_075157_1.jpg,30,Victoria,,xiaomi_15_ultra,160.34,10.6896,2.448,2.5,0.959,1706336,14932.68,21655.41,219.65,134.05,130.5,1.6385,0.5071,0,0,ok
IMG_20260912_075158.jpg,30,Victoria,,xiaomi_15_ultra,159.33,10.6223,2.464,2.5,0.958,1720729,15250.21,22068.65,221.14,136.13,133.12,1.6245,0.5066,0,0,ok
IMG_20260912_075158_1.jpg,30,Victoria,,xiaomi_15_ultra,157.81,10.5205,2.487,2.5,0.951,1670941,15096.84,21776.14,221.47,135.73,133.83,1.6317,0.5022,0,0,ok
IMG_20260912_075159.jpg,30,Victoria,,xiaomi_15_ultra,157.12,10.4745,2.498,2.5,0.956,1629813,14855.0,21395.92,219.39,134.42,133.75,1.6321,0.5037,0,0,ok
IMG_20260912_075200.jpg,30,Victoria,,xiaomi_15_ultra,157.04,10.4694,2.5,2.5,0.954,1680256,15329.54,22075.86,223.7,132.67,132.0,1.6861,0.5165,0,0,ok
IMG_20260912_075200_1.jpg,30,Victoria,,xiaomi_15_ultra,153.9,10.2598,2.551,2.5,0.951,1630735,15491.83,22160.92,221.45,135.38,134.7,1.6357,0.5167,0,0,ok
IMG_20260912_075201.jpg,30,Victoria,,xiaomi_15_ultra,154.63,10.3088,2.539,2.5,0.959,1706296,16056.17,23004.11,222.92,136.0,135.32,1.6391,0.5296,0,0,ok
IMG_20260912_075201_1.jpg,30,Victoria,,xiaomi_15_ultra,154.32,10.2877,2.544,2.5,0.96,1651498,15604.27,22341.62,222.11,137.54,136.86,1.6148,0.5108,0,0,ok
IMG_20260912_075205.jpg,30,Victoria,,xiaomi_15_ultra,127.56,8.5043,3.077,3.0,0.959,1111356,15366.61,20766.12,212.95,145.22,134.64,1.4664,0.4969,0,1,ok
IMG_20260912_075205_1.jpg,30,Victoria,,xiaomi_15_ultra,125.88,8.3921,3.118,3.0,0.961,1133251,16091.1,21665.06,221.16,142.63,130.36,1.5505,0.5101,0,1,ok
IMG_20260912_075206.jpg,30,Victoria,,xiaomi_15_ultra,125.61,8.3742,3.125,3.0,0.959,1154287,16459.8,22148.44,226.89,143.66,130.64,1.5794,0.505,0,0,ok
IMG_20260912_075206_1.jpg,30,Victoria,,xiaomi_15_ultra,125.47,8.3648,3.128,3.0,0.957,1155255,16510.61,22209.94,227.26,141.54,130.07,1.6056,0.5133,0,0,ok
IMG_20260912_075207.jpg,30,Victoria,,xiaomi_15_ultra,125.66,8.3771,3.124,3.0,0.955,1165161,16603.28,22343.65,224.54,143.61,131.43,1.5636,0.5149,0,0,ok
IMG_20260912_075207_1.jpg,30,Victoria,,xiaomi_15_ultra,125.87,8.3915,3.119,3.0,0.952,1174257,16675.81,22451.85,217.36,140.38,129.66,1.5484,0.5465,0,1,ok
IMG_20260912_075208.jpg,30,Victoria,,xiaomi_15_ultra,125.13,8.3417,3.137,3.0,0.949,1132489,16275.15,21876.51,213.27,141.22,129.71,1.5102,0.5404,0,0,ok
IMG_20260912_075208_1.jpg,30,Victoria,,xiaomi_15_ultra,125.85,8.3901,3.119,3.0,0.949,1133569,16103.19,21679.93,209.06,143.38,132.78,1.458,0.5372,0,0,ok
IMG_20260912_075209.jpg,30,Victoria,,xiaomi_15_ultra,125.45,8.3633,3.129,3.0,0.954,1134906,16225.79,21825.69,208.17,140.85,130.09,1.4779,0.5534,0,0,ok
IMG_20260912_075209_1.jpg,30,Victoria,,xiaomi_15_ultra,126.08,8.4057,3.113,3.0,0.95,1198602,16964.1,22850.68,213.9,139.43,129.44,1.5341,0.5688,1,1,ok
IMG_20260912_075210.jpg,30,Victoria,,xiaomi_15_ultra,127.12,8.4744,3.088,3.0,0.952,1158454,16131.09,21777.79,205.32,137.47,128.39,1.4936,0.5715,0,1,ok
IMG_20260912_075214.jpg,30,Victoria,,xiaomi_15_ultra,105.63,7.042,3.716,3.5,0.948,902018,18189.53,23413.6,231.75,145.41,132.63,1.5938,0.5398,0,0,ok
IMG_20260912_075214_1.jpg,30,Victoria,,xiaomi_15_ultra,105.85,7.0567,3.708,3.5,0.942,889912,17870.77,23014.68,231.27,144.12,133.21,1.6047,0.5362,0,0,ok
IMG_20260912_075215.jpg,30,Victoria,,xiaomi_15_ultra,105.82,7.0543,3.71,3.5,0.947,887608,17836.45,22968.65,231.35,145.16,134.24,1.5938,0.5311,0,0,ok
IMG_20260912_075215_1.jpg,30,Victoria,,xiaomi_15_ultra,105.55,7.0367,3.719,3.5,0.944,891614,18007.14,23174.65,232.92,144.67,135.58,1.61,0.5344,0,0,ok
IMG_20260912_075216.jpg,30,Victoria,,xiaomi_15_ultra,106.27,7.0848,3.694,3.5,0.943,890873,17748.29,22878.6,230.35,143.69,134.65,1.6031,0.5362,0,0,ok
IMG_20260912_075216_1.jpg,30,Victoria,,xiaomi_15_ultra,106.05,7.07,3.701,3.5,0.946,875831,17521.99,22575.6,218.25,141.3,133.1,1.5445,0.5682,0,0,ok
IMG_20260912_075217.jpg,30,Victoria,,xiaomi_15_ultra,106.04,7.0692,3.702,3.5,0.944,862574,17260.69,22238.33,213.74,142.02,133.96,1.505,0.5686,0,0,ok
IMG_20260912_075217_1.jpg,30,Victoria,,xiaomi_15_ultra,106.28,7.0853,3.693,3.5,0.948,848468,16901.26,21787.07,207.75,140.86,131.82,1.4749,0.5776,0,0,ok
IMG_20260912_075218.jpg,30,Victoria,,xiaomi_15_ultra,105.38,7.0255,3.725,3.5,0.947,820324,16620.02,21381.43,207.81,143.9,134.79,1.4441,0.5558,0,0,ok
IMG_20260912_075218_1.jpg,30,Victoria,,xiaomi_15_ultra,105.36,7.024,3.726,3.5,0.952,835433,16933.16,21783.21,208.71,143.93,135.82,1.45,0.5637,0,0,ok
IMG_20260912_075219.jpg,30,Victoria,,xiaomi_15_ultra,105.36,7.024,3.726,3.5,0.948,816911,16557.74,21300.26,203.3,142.08,134.82,1.4309,0.5732,0,0,ok
IMG_20260912_075219_1.jpg,30,Victoria,,xiaomi_15_ultra,105.84,7.0561,3.709,3.5,0.939,802188,16112.01,20749.24,199.54,140.59,135.06,1.4194,0.5743,0,0,ok
IMG_20260912_075220.jpg,30,Victoria,,xiaomi_15_ultra,105.58,7.0385,3.718,3.5,0.947,835043,16855.58,21694.0,202.74,143.78,136.39,1.4101,0.5782,0,0,ok
IMG_20260912_075220_1.jpg,30,Victoria,,xiaomi_15_ultra,105.34,7.0228,3.726,3.5,0.949,830971,16848.67,21673.61,203.34,144.1,136.7,1.4111,0.575,0,0,ok
IMG_20260912_075348.jpg,31,Danessa,207920,xiaomi_15_ultra,182.03,12.1351,2.156,2.5,0.927,1399790,9505.58,14424.53,187.8,130.28,111.5,1.4415,0.3885,1,0,ok
IMG_20260912_075349.jpg,31,Danessa,207920,xiaomi_15_ultra,182.26,12.1507,2.154,2.5,0.851,1394165,9443.07,14336.62,186.99,129.05,111.85,1.449,0.3913,1,0,ok
IMG_20260912_075349_1.jpg,31,Danessa,207920,xiaomi_15_ultra,181.52,12.1014,2.162,2.5,0.941,1393937,9518.62,14429.22,186.18,129.57,111.89,1.4369,0.3946,1,0,ok
IMG_20260912_075350.jpg,31,Danessa,207920,xiaomi_15_ultra,182.01,12.1338,2.157,2.5,0.937,1399145,9503.2,14420.35,185.1,127.66,112.08,1.45,0.4022,1,0,ok
IMG_20260912_075350_1.jpg,31,Danessa,207920,xiaomi_15_ultra,182.26,12.1505,2.154,2.5,0.916,1390609,9419.27,14300.4,182.21,125.34,110.61,1.4537,0.4124,1,0,ok
IMG_20260912_075351.jpg,31,Danessa,207920,xiaomi_15_ultra,182.01,12.1342,2.157,2.5,0.905,1390950,9446.97,14335.19,183.53,125.51,110.27,1.4622,0.4101,1,0,ok
IMG_20260912_075351_1.jpg,31,Danessa,207920,xiaomi_15_ultra,180.79,12.0527,2.171,2.5,0.934,1396223,9611.37,14547.83,183.2,125.86,111.51,1.4555,0.4168,1,0,ok
IMG_20260912_075352.jpg,31,Danessa,207920,xiaomi_15_ultra,181.02,12.0679,2.168,2.5,0.944,1393640,9569.51,14491.29,185.04,125.62,111.37,1.473,0.4117,1,0,ok
IMG_20260912_075352_1.jpg,31,Danessa,207920,xiaomi_15_ultra,181.01,12.0673,2.169,2.5,0.964,1393124,9566.85,14487.01,185.13,125.13,110.46,1.4795,0.413,1,0,ok
IMG_20260912_075353.jpg,31,Danessa,207920,xiaomi_15_ultra,181.57,12.1049,2.162,2.5,0.96,1408202,9610.45,14570.02,185.54,125.82,111.03,1.4747,0.4117,1,0,ok
IMG_20260912_075356.jpg,31,Danessa,207920,xiaomi_15_ultra,152.84,10.1896,2.568,2.5,0.929,983804,9475.4,13524.05,178.42,120.02,113.06,1.4865,0.4425,1,0,ok
IMG_20260912_075356_1.jpg,31,Danessa,207920,xiaomi_15_ultra,152.84,10.1896,2.568,2.5,0.913,980473,9443.31,13478.25,179.01,119.93,111.39,1.4926,0.4399,1,0,ok
IMG_20260912_075357.jpg,31,Danessa,207920,xiaomi_15_ultra,152.59,10.1724,2.573,2.5,0.929,979587,9466.63,13504.12,176.85,120.82,111.58,1.4638,0.4431,1,0,ok
IMG_20260912_075357_1.jpg,31,Danessa,207920,xiaomi_15_ultra,152.1,10.1401,2.581,2.5,0.932,977296,9504.77,13544.52,178.01,120.61,112.33,1.4759,0.4427,1,0,ok
IMG_20260912_075358.jpg,31,Danessa,207920,xiaomi_15_ultra,151.69,10.1125,2.588,2.5,0.942,989166,9672.8,13771.79,181.66,122.82,114.22,1.4791,0.4335,1,0,ok
IMG_20260912_075358_1.jpg,31,Danessa,207920,xiaomi_15_ultra,152.21,10.1476,2.579,2.5,0.865,978317,9500.64,13541.89,181.03,122.98,111.65,1.472,0.4267,1,0,ok
IMG_20260912_075359.jpg,31,Danessa,207920,xiaomi_15_ultra,152.15,10.143,2.58,2.5,0.94,985699,9580.98,13654.4,179.83,127.38,113.08,1.4118,0.4183,1,0,ok
IMG_20260912_075359_1.jpg,31,Danessa,207920,xiaomi_15_ultra,152.36,10.1576,2.576,2.5,0.942,971361,9414.61,13423.54,177.7,128.57,113.02,1.3821,0.4121,1,0,ok
IMG_20260912_075400.jpg,31,Danessa,207920,xiaomi_15_ultra,152.43,10.1617,2.575,2.5,0.69,991946,9606.28,13698.64,176.94,121.53,113.37,1.4559,0.4467,1,0,ok
IMG_20260912_075404.jpg,31,Danessa,207920,xiaomi_15_ultra,123.75,8.2502,3.172,3.0,0.912,734693,10793.86,14465.02,196.24,136.48,118.91,1.4378,0.403,1,0,ok
IMG_20260912_075404_1.jpg,31,Danessa,207920,xiaomi_15_ultra,123.75,8.2502,3.172,3.0,0.761,733444,10775.51,14440.43,196.96,133.45,117.09,1.4759,0.4099,1,0,ok
IMG_20260912_075405.jpg,31,Danessa,207920,xiaomi_15_ultra,124.0,8.2669,3.165,3.0,0.905,740937,10841.58,14537.0,195.11,130.88,116.97,1.4908,0.4245,1,1,ok
IMG_20260912_075405_1.jpg,31,Danessa,207920,xiaomi_15_ultra,124.0,8.2668,3.166,3.0,0.928,710301,10393.64,13936.32,183.51,131.61,117.22,1.3943,0.4304,1,1,ok
IMG_20260912_075406.jpg,31,Danessa,207920,xiaomi_15_ultra,124.25,8.2835,3.159,3.0,0.921,753982,10988.28,14741.78,196.17,136.66,116.13,1.4355,0.4099,1,1,ok
IMG_20260912_075407.jpg,31,Danessa,207920,xiaomi_15_ultra,123.75,8.2503,3.172,3.0,0.938,722859,10619.67,14231.65,190.05,134.18,116.6,1.4164,0.4164,1,0,ok
IMG_20260912_075409.jpg,31,Danessa,207920,xiaomi_15_ultra,123.5,8.2335,3.178,3.0,0.941,749407,11054.83,14806.57,194.33,140.65,118.42,1.3817,0.4045,1,0,ok
IMG_20260912_075409_1.jpg,31,Danessa,207920,xiaomi_15_ultra,123.26,8.217,3.185,3.0,0.937,753781,11163.97,14944.62,196.3,140.2,119.39,1.4002,0.4057,1,0,ok
IMG_20260912_075410.jpg,31,Danessa,207920,xiaomi_15_ultra,124.01,8.2671,3.165,3.0,0.945,755970,11061.18,14831.52,198.86,140.92,118.66,1.4112,0.3947,1,1,ok
IMG_20260912_075410_1.jpg,31,Danessa,207920,xiaomi_15_ultra,124.02,8.2679,3.165,3.0,0.944,746011,10913.34,14633.67,195.82,137.76,117.2,1.4214,0.4046,1,1,ok
IMG_20260912_075411.jpg,31,Danessa,207920,xiaomi_15_ultra,123.27,8.2177,3.184,3.0,0.938,749017,11091.59,14848.06,198.6,140.19,120.23,1.4167,0.3984,1,0,ok
IMG_20260912_075506.jpg,32,Sofía,223687,xiaomi_15_ultra,,,,,,,,,,,,,,,0,sin_vaca
IMG_20260912_075509.jpg,32,Sofía,223687,xiaomi_15_ultra,158.27,10.5512,2.48,2.5,0.825,1460594,13119.84,18942.91,205.0,125.58,124.92,1.6325,0.5096,0,0,ok
IMG_20260912_075510.jpg,32,Sofía,223687,xiaomi_15_ultra,158.02,10.5345,2.484,2.5,0.953,1466586,13215.45,19070.82,202.38,123.97,123.4,1.6325,0.5267,0,0,ok
IMG_20260912_075510_1.jpg,32,Sofía,223687,xiaomi_15_ultra,158.55,10.5703,2.476,2.5,0.958,1480793,13253.17,19147.06,201.6,124.69,123.55,1.6168,0.5272,0,0,ok
IMG_20260912_075511.jpg,32,Sofía,223687,xiaomi_15_ultra,158.34,10.5557,2.479,2.5,0.936,1457465,13080.4,18888.71,204.34,125.52,123.63,1.6279,0.51,0,0,ok
IMG_20260912_075511_1.jpg,32,Sofía,223687,xiaomi_15_ultra,158.67,10.5778,2.474,2.5,0.96,1457614,13027.31,18825.22,202.12,125.26,124.32,1.6136,0.5145,0,0,ok
IMG_20260912_075512.jpg,32,Sofía,223687,xiaomi_15_ultra,158.51,10.5676,2.476,2.5,0.951,1464185,13111.28,18940.43,202.88,125.38,125.38,1.6181,0.5154,0,0,ok
IMG_20260912_075512_1.jpg,32,Sofía,223687,xiaomi_15_ultra,158.79,10.5857,2.472,2.5,0.954,1464028,13064.97,18884.42,196.49,125.17,124.79,1.5698,0.5312,0,0,ok
IMG_20260912_075513.jpg,32,Sofía,223687,xiaomi_15_ultra,159.01,10.6008,2.469,2.5,0.949,1450897,12910.88,18670.66,201.68,124.99,124.99,1.6136,0.5122,0,0,ok
IMG_20260912_075513_1.jpg,32,Sofía,223687,xiaomi_15_ultra,159.05,10.6034,2.468,2.5,0.958,1492597,13275.5,19199.52,213.14,124.3,123.73,1.7147,0.5011,0,0,ok
IMG_20260912_075514.jpg,32,Sofía,223687,xiaomi_15_ultra,159.32,10.6217,2.464,2.5,0.961,1555860,13790.68,19956.15,215.13,124.75,123.52,1.7245,0.5139,0,0,ok
IMG_20260912_075514_1.jpg,32,Sofía,223687,xiaomi_15_ultra,158.87,10.5914,2.471,2.5,0.962,1536873,13700.39,19806.43,216.97,126.9,125.1,1.7098,0.4976,0,0,ok
IMG_20260912_075515.jpg,32,Sofía,223687,xiaomi_15_ultra,159.18,10.612,2.466,2.5,0.964,1572772,13965.86,20203.48,217.77,125.42,123.63,1.7363,0.5113,0,0,ok
IMG_20260912_075518.jpg,32,Sofía,223687,xiaomi_15_ultra,135.22,9.0149,2.903,3.0,0.947,1092360,13441.27,18470.44,210.21,125.68,125.01,1.6726,0.5088,0,0,ok
IMG_20260912_075518_1.jpg,32,Sofía,223687,xiaomi_15_ultra,135.22,9.0149,2.903,3.0,0.953,1092543,13443.52,18473.54,210.87,125.68,124.57,1.6778,0.5073,0,0,ok
IMG_20260912_075519.jpg,32,Sofía,223687,xiaomi_15_ultra,135.68,9.0455,2.893,3.0,0.945,1092697,13354.84,18369.94,208.72,122.49,122.49,1.704,0.5223,0,0,ok
IMG_20260912_075519_1.jpg,32,Sofía,223687,xiaomi_15_ultra,135.49,9.0328,2.897,3.0,0.944,1100903,13492.74,18551.99,207.58,124.66,123.99,1.6652,0.5214,0,0,ok
IMG_20260912_075520.jpg,32,Sofía,223687,xiaomi_15_ultra,135.41,9.0274,2.899,3.0,0.947,1097987,13473.13,18521.77,209.92,124.73,124.07,1.6829,0.5146,0,0,ok
IMG_20260912_075520_1.jpg,32,Sofía,223687,xiaomi_15_ultra,135.68,9.0456,2.893,3.0,0.943,1101236,13458.85,18513.08,209.38,123.82,123.04,1.6911,0.5191,0,0,ok
IMG_20260912_075521.jpg,32,Sofía,223687,xiaomi_15_ultra,134.87,8.9916,2.91,3.0,0.944,1108068,13705.39,18819.07,209.97,126.01,125.34,1.6664,0.518,0,0,ok
IMG_20260912_075521_1.jpg,32,Sofía,223687,xiaomi_15_ultra,136.14,9.0761,2.883,3.0,0.925,1109790,13472.27,18549.98,211.54,123.4,123.4,1.7143,0.5161,0,0,ok
IMG_20260912_075525.jpg,32,Sofía,223687,xiaomi_15_ultra,113.08,7.5388,3.471,3.5,0.948,784844,13809.51,18074.31,214.76,133.31,124.82,1.6109,0.4824,0,0,ok
IMG_20260912_075526.jpg,32,Sofía,223687,xiaomi_15_ultra,113.05,7.5367,3.472,3.5,0.948,786078,13838.83,18111.43,209.77,135.07,126.85,1.553,0.4884,0,0,ok
IMG_20260912_075526_1.jpg,32,Sofía,223687,xiaomi_15_ultra,113.79,7.586,3.45,3.5,0.948,799885,13899.41,18220.69,208.41,135.78,126.15,1.535,0.4912,0,0,ok
IMG_20260912_075527.jpg,32,Sofía,223687,xiaomi_15_ultra,113.12,7.541,3.47,3.5,0.949,784983,13803.83,18068.22,209.65,134.99,125.58,1.553,0.4877,0,0,ok
IMG_20260912_075527_1.jpg,32,Sofía,223687,xiaomi_15_ultra,113.61,7.5743,3.455,3.5,0.95,794550,13849.53,18148.19,209.52,133.48,124.1,1.5697,0.4952,0,0,ok
IMG_20260912_075527_2.jpg,32,Sofía,223687,xiaomi_15_ultra,113.56,7.5706,3.457,3.5,0.945,788004,13748.72,18013.89,208.7,131.96,124.3,1.5816,0.4992,0,0,ok
IMG_20260912_075528.jpg,32,Sofía,223687,xiaomi_15_ultra,113.32,7.5544,3.464,3.5,0.944,785203,13758.99,18017.54,211.0,132.11,122.84,1.5972,0.4936,0,0,ok
IMG_20260912_075531.jpg,32,Sofía,223687,xiaomi_15_ultra,128.43,8.5619,3.056,3.0,0.949,1014657,13841.45,18740.48,215.26,128.59,126.26,1.6739,0.5,0,0,ok
IMG_20260912_075531_1.jpg,32,Sofía,223687,xiaomi_15_ultra,128.72,8.5813,3.05,3.0,0.949,1017696,13820.16,18723.58,215.47,127.6,126.09,1.6886,0.5027,0,1,ok
IMG_20260912_075531_2.jpg,32,Sofía,223687,xiaomi_15_ultra,128.48,8.5656,3.055,3.0,0.955,1040215,14177.63,19198.02,220.42,127.72,125.15,1.7258,0.5036,0,1,ok
IMG_20260912_075532.jpg,32,Sofía,223687,xiaomi_15_ultra,128.98,8.5989,3.043,3.0,0.957,1024729,13858.68,18786.64,218.75,126.53,124.67,1.7289,0.5007,0,1,ok
IMG_20260912_075532_1.jpg,32,Sofía,223687,xiaomi_15_ultra,129.51,8.6342,3.031,3.0,0.953,1042843,13988.47,18984.57,212.76,128.21,126.01,1.6594,0.5128,0,1,ok
IMG_20260912_075533.jpg,32,Sofía,223687,xiaomi_15_ultra,129.05,8.6033,3.042,3.0,0.954,1038231,14026.96,19017.5,213.52,128.67,125.77,1.6594,0.5105,0,1,ok
IMG_20260912_075648.jpg,33,Fabiola,197272,xiaomi_15_ultra,201.4,13.4267,1.949,2.5,0.942,1800674,9988.38,15770.57,180.16,117.75,111.49,1.53,0.4708,0,0,ok
IMG_20260912_075649.jpg,33,Fabiola,197272,xiaomi_15_ultra,200.13,13.3421,1.961,2.5,0.933,1870139,10505.79,16544.82,194.72,118.95,111.23,1.6371,0.4536,1,0,ok
IMG_20260912_075649_1.jpg,33,Fabiola,197272,xiaomi_15_ultra,199.35,13.29,1.969,2.5,0.941,1833220,10379.24,16319.63,193.08,114.6,110.76,1.6848,0.4691,1,0,ok
IMG_20260912_075650.jpg,33,Fabiola,197272,xiaomi_15_ultra,198.91,13.2607,1.973,2.5,0.937,1867909,10622.36,16687.0,196.9,118.24,113.42,1.6652,0.4562,1,0,ok
IMG_20260912_075650_1.jpg,33,Fabiola,197272,xiaomi_15_ultra,197.8,13.1869,1.984,2.5,0.943,1892470,10882.9,17057.83,198.99,119.36,114.28,1.6671,0.4582,1,0,ok
IMG_20260912_075651.jpg,33,Fabiola,197272,xiaomi_15_ultra,198.8,13.2533,1.975,2.5,0.943,1879150,10698.3,16802.48,196.56,118.31,113.03,1.6614,0.4601,1,0,ok
IMG_20260912_075651_1.jpg,33,Fabiola,197272,xiaomi_15_ultra,199.73,13.3157,1.965,2.5,0.932,1882750,10618.62,16709.07,196.61,115.35,111.97,1.7044,0.4682,1,0,ok
IMG_20260912_075652.jpg,33,Fabiola,197272,xiaomi_15_ultra,198.93,13.2619,1.973,2.5,0.822,1871350,10639.99,16715.31,198.84,113.94,110.54,1.7452,0.4697,1,0,ok
IMG_20260912_075655.jpg,33,Fabiola,197272,xiaomi_15_ultra,163.95,10.9301,2.394,2.5,0.954,1258295,10532.52,15391.06,191.49,120.68,112.08,1.5868,0.4558,1,0,ok
IMG_20260912_075655_1.jpg,33,Fabiola,197272,xiaomi_15_ultra,163.5,10.9,2.401,2.5,0.945,1259671,10602.49,15478.54,191.38,120.37,112.75,1.5899,0.4603,1,0,ok
IMG_20260912_075655_2.jpg,33,Fabiola,197272,xiaomi_15_ultra,163.76,10.9173,2.397,2.5,0.942,1266791,10628.55,15525.1,189.97,121.37,113.12,1.5653,0.461,1,0,ok
IMG_20260912_075656.jpg,33,Fabiola,197272,xiaomi_15_ultra,162.29,10.8193,2.419,2.5,0.927,1249960,10678.26,15549.39,192.25,121.82,114.7,1.5781,0.456,1,0,ok
IMG_20260912_075656_1.jpg,33,Fabiola,197272,xiaomi_15_ultra,162.29,10.8193,2.419,2.5,0.931,1247568,10657.83,15519.65,191.7,121.27,115.35,1.5808,0.4585,1,0,ok
IMG_20260912_075657.jpg,33,Fabiola,197272,xiaomi_15_ultra,163.56,10.9037,2.4,2.5,0.949,1263041,10623.53,15511.09,191.31,120.33,115.1,1.5899,0.4615,1,0,ok
IMG_20260912_075657_1.jpg,33,Fabiola,197272,xiaomi_15_ultra,163.79,10.9193,2.397,2.5,0.948,1249220,10477.28,15305.11,189.85,120.15,114.02,1.58,0.4593,1,0,ok
IMG_20260912_075701.jpg,33,Fabiola,197272,xiaomi_15_ultra,135.36,9.0242,2.9,3.0,0.948,936799,11503.47,15812.37,199.24,123.34,116.58,1.6155,0.4681,1,0,ok
IMG_20260912_075701_1.jpg,33,Fabiola,197272,xiaomi_15_ultra,134.46,8.9639,2.919,3.0,0.95,934028,11624.3,15947.07,199.91,122.16,117.03,1.6365,0.476,1,1,ok
IMG_20260912_075702.jpg,33,Fabiola,197272,xiaomi_15_ultra,134.7,8.9798,2.914,3.0,0.95,934123,11584.22,15900.35,197.44,123.28,117.6,1.6016,0.4759,1,1,ok
IMG_20260912_075702_1.jpg,33,Fabiola,197272,xiaomi_15_ultra,135.01,9.001,2.907,3.0,0.948,944925,11663.23,16019.84,196.98,122.21,117.32,1.6118,0.4845,1,1,ok
IMG_20260912_075703.jpg,33,Fabiola,197272,xiaomi_15_ultra,135.22,9.0148,2.903,3.0,0.95,942287,11594.9,15933.19,197.34,122.02,117.36,1.6173,0.4815,1,0,ok
IMG_20260912_075704.jpg,33,Fabiola,197272,xiaomi_15_ultra,135.04,9.003,2.907,3.0,0.949,947452,11689.23,16056.59,196.94,121.63,117.52,1.6192,0.488,1,1,ok
IMG_20260912_075704_1.jpg,33,Fabiola,197272,xiaomi_15_ultra,135.15,9.0101,2.904,3.0,0.949,944130,11629.87,15978.76,195.34,121.53,118.64,1.6073,0.4899,1,1,ok
IMG_20260912_075756.jpg,34,Lucero,223677,xiaomi_15_ultra,,,,,,,,,,,,,,,0,sin_vaca
IMG_20260912_075759.jpg,34,Lucero,223677,xiaomi_15_ultra,178.06,11.8707,2.204,2.5,0.933,1247914,8855.84,13328.59,168.23,114.82,107.24,1.4652,0.4585,1,0,ok
IMG_20260912_075800.jpg,34,Lucero,223677,xiaomi_15_ultra,169.58,11.3055,2.315,2.5,0.876,1152534,9017.24,13333.63,164.79,122.24,114.28,1.348,0.4476,1,0,ok
IMG_20260912_075800_1.jpg,34,Lucero,223677,xiaomi_15_ultra,169.2,11.2798,2.32,2.5,0.93,1161904,9132.08,13492.52,162.77,123.14,114.28,1.3218,0.4556,1,0,ok
IMG_20260912_075801.jpg,34,Lucero,223677,xiaomi_15_ultra,169.73,11.3154,2.313,2.5,0.931,1148875,8972.92,13272.21,160.67,121.07,112.5,1.327,0.4613,1,0,ok
IMG_20260912_075801_1.jpg,34,Lucero,223677,xiaomi_15_ultra,169.16,11.2775,2.32,2.5,0.944,1159617,9117.76,13470.4,163.42,121.48,114.65,1.3453,0.4593,1,0,ok
IMG_20260912_075802.jpg,34,Lucero,223677,xiaomi_15_ultra,169.0,11.267,2.323,2.5,0.931,1174944,9255.56,13669.46,167.04,119.82,111.83,1.3941,0.4624,1,0,ok
IMG_20260912_075802_1.jpg,34,Lucero,223677,xiaomi_15_ultra,169.39,11.2928,2.317,2.5,0.943,1182620,9273.41,13706.96,170.55,119.54,112.2,1.4267,0.4548,1,0,ok
IMG_20260912_075803.jpg,34,Lucero,223677,xiaomi_15_ultra,169.7,11.313,2.313,2.5,0.943,1154771,9022.74,13344.91,170.87,119.95,113.14,1.4245,0.4402,1,0,ok
IMG_20260912_075803_1.jpg,34,Lucero,223677,xiaomi_15_ultra,168.43,11.2288,2.331,2.5,0.944,1156259,9170.42,13527.46,173.84,121.47,114.79,1.4311,0.4343,1,0,ok
IMG_20260912_075804.jpg,34,Lucero,223677,xiaomi_15_ultra,166.63,11.1089,2.356,2.5,0.935,1142198,9255.55,13601.57,178.6,123.32,116.66,1.4482,0.4202,1,0,ok
IMG_20260912_075804_1.jpg,34,Lucero,223677,xiaomi_15_ultra,166.01,11.0675,2.364,2.5,0.935,1172275,9570.33,14045.84,179.9,123.79,117.46,1.4533,0.4298,1,0,ok
IMG_20260912_075804_2.jpg,34,Lucero,223677,xiaomi_15_ultra,165.78,11.0522,2.368,2.5,0.936,1176657,9632.78,14130.66,176.62,125.04,115.81,1.4124,0.4362,1,0,ok
IMG_20260912_075805.jpg,34,Lucero,223677,xiaomi_15_ultra,165.6,11.04,2.37,2.5,0.921,1159061,9509.66,13944.7,181.43,126.36,116.58,1.4358,0.4148,1,0,ok
IMG_20260912_075808.jpg,34,Lucero,223677,xiaomi_15_ultra,134.74,8.9826,2.913,3.0,0.935,865217,10723.09,14719.71,185.25,132.48,121.12,1.3983,0.4369,1,1,ok
IMG_20260912_075809.jpg,34,Lucero,223677,xiaomi_15_ultra,135.01,9.0004,2.908,3.0,0.944,870490,10745.82,14759.47,182.66,130.88,118.33,1.3956,0.4495,1,1,ok
IMG_20260912_075809_1.jpg,34,Lucero,223677,xiaomi_15_ultra,135.3,9.0201,2.901,3.0,0.942,864832,10629.46,14609.02,185.81,128.38,119.4,1.4473,0.4456,1,1,ok
IMG_20260912_075810.jpg,34,Lucero,223677,xiaomi_15_ultra,135.18,9.012,2.904,3.0,0.944,874102,10762.64,14788.17,183.98,125.72,117.95,1.4634,0.4653,1,1,ok
IMG_20260912_075810_1.jpg,34,Lucero,223677,xiaomi_15_ultra,136.1,9.0736,2.884,3.0,0.944,862850,10480.37,14429.25,179.86,128.39,119.91,1.4009,0.4538,1,0,ok
IMG_20260912_075811.jpg,34,Lucero,223677,xiaomi_15_ultra,135.8,9.0536,2.89,3.0,0.945,881800,10758.0,14801.82,180.92,127.91,118.96,1.4145,0.4649,1,0,ok
IMG_20260912_075811_1.jpg,34,Lucero,223677,xiaomi_15_ultra,137.4,9.1603,2.857,3.0,0.936,875881,10438.2,14411.8,181.0,127.18,117.35,1.4232,0.4535,1,0,ok
IMG_20260912_075812.jpg,34,Lucero,223677,xiaomi_15_ultra,137.37,9.1577,2.858,3.0,0.938,890104,10613.62,14652.78,183.78,127.87,118.37,1.4372,0.4516,1,0,ok
IMG_20260912_075812_1.jpg,34,Lucero,223677,xiaomi_15_ultra,135.21,9.0139,2.903,3.0,0.938,870167,10709.6,14716.22,186.82,131.35,121.59,1.4223,0.4364,1,1,ok
IMG_20260912_075813.jpg,34,Lucero,223677,xiaomi_15_ultra,135.54,9.0357,2.896,3.0,0.938,895765,10971.69,15087.04,186.93,130.37,119.97,1.4338,0.4502,1,0,ok
IMG_20260912_075813_1.jpg,34,Lucero,223677,xiaomi_15_ultra,135.53,9.0356,2.896,3.0,0.94,878613,10761.66,14798.22,177.85,127.5,118.42,1.395,0.4746,1,0,ok
IMG_20260912_075814.jpg,34,Lucero,223677,xiaomi_15_ultra,136.45,9.0963,2.877,3.0,0.924,874565,10569.59,14562.87,175.24,128.07,119.17,1.3682,0.471,1,0,ok
IMG_20260912_075818.jpg,34,Lucero,223677,xiaomi_15_ultra,113.35,7.5567,3.463,3.5,0.93,616446,10795.25,14137.59,180.37,126.25,110.37,1.4287,0.4741,1,0,ok
IMG_20260912_075818_1.jpg,34,Lucero,223677,xiaomi_15_ultra,113.04,7.5361,3.472,3.5,0.906,610556,10750.54,14069.37,178.34,128.18,109.07,1.3913,0.4703,1,0,ok
IMG_20260912_075819.jpg,34,Lucero,223677,xiaomi_15_ultra,113.81,7.5876,3.449,3.5,0.835,614659,10676.35,13996.33,187.28,127.44,106.62,1.4695,0.4473,1,0,ok
IMG_20260912_075819_1.jpg,34,Lucero,223677,xiaomi_15_ultra,114.31,7.621,3.434,3.5,0.89,630563,10856.99,14248.98,193.15,124.26,106.68,1.5544,0.4523,1,0,ok
IMG_20260912_075819_2.jpg,34,Lucero,223677,xiaomi_15_ultra,114.3,7.6198,3.434,3.5,0.898,635128,10938.93,14355.96,194.89,127.69,113.39,1.5262,0.4396,1,0,ok
IMG_20260912_075820.jpg,34,Lucero,223677,xiaomi_15_ultra,115.09,7.6726,3.411,3.5,0.885,634704,10781.71,14174.56,188.46,125.12,110.13,1.5063,0.4572,1,0,ok
IMG_20260912_075820_1.jpg,34,Lucero,223677,xiaomi_15_ultra,116.51,7.7674,3.369,3.5,0.926,615484,10201.59,13454.29,179.6,123.59,111.23,1.4531,0.4596,1,0,ok
IMG_20260912_075821.jpg,34,Lucero,223677,xiaomi_15_ultra,116.01,7.7338,3.384,3.5,0.897,632498,10574.93,13931.07,184.52,121.67,109.26,1.5165,0.471,1,0,ok
IMG_20260912_075821_1.jpg,34,Lucero,223677,xiaomi_15_ultra,114.75,7.6502,3.421,3.5,0.923,610101,10424.48,13694.7,188.23,124.7,111.5,1.5094,0.4441,1,0,ok
IMG_20260912_075822.jpg,34,Lucero,223677,xiaomi_15_ultra,116.0,7.7335,3.384,3.5,0.871,617429,10323.75,13600.04,191.12,122.58,110.17,1.5591,0.4407,1,0,ok
IMG_20260912_075915.jpg,35,Camelia,197269,xiaomi_15_ultra,214.32,14.2877,1.832,2.5,0.936,1595085,7813.78,12662.25,156.36,108.42,106.18,1.4422,0.4609,1,0,ok
IMG_20260912_075915_1.jpg,35,Camelia,197269,xiaomi_15_ultra,212.63,14.1753,1.846,2.5,0.937,1601332,7969.19,12870.59,158.94,108.85,106.59,1.4601,0.4606,1,0,ok
IMG_20260912_075916.jpg,35,Camelia,197269,xiaomi_15_ultra,213.08,14.2054,1.842,2.5,0.939,1588186,7870.33,12722.42,155.01,108.55,105.88,1.428,0.4677,1,0,ok
IMG_20260912_075916_1.jpg,35,Camelia,197269,xiaomi_15_ultra,211.64,14.1093,1.855,2.5,0.936,1627161,8173.7,13174.68,156.49,109.79,107.52,1.4254,0.4758,1,0,ok
IMG_20260912_075917.jpg,35,Camelia,197269,xiaomi_15_ultra,211.89,14.126,1.853,2.5,0.947,1637629,8206.88,13234.8,154.04,108.74,106.47,1.4167,0.49,1,0,ok
IMG_20260912_075917_1.jpg,35,Camelia,197269,xiaomi_15_ultra,211.65,14.1101,1.855,2.5,0.941,1614328,8108.37,13069.68,151.95,109.35,107.51,1.3895,0.488,1,0,ok
IMG_20260912_075918.jpg,35,Camelia,197269,xiaomi_15_ultra,211.89,14.126,1.853,2.5,0.924,1610656,8071.71,13016.82,144.06,109.16,106.47,1.3197,0.5133,1,0,ok
IMG_20260912_075918_1.jpg,35,Camelia,197269,xiaomi_15_ultra,211.41,14.0942,1.857,2.5,0.927,1590242,8005.42,12897.56,139.42,108.98,106.43,1.2793,0.5269,1,0,ok
IMG_20260912_075919.jpg,35,Camelia,197269,xiaomi_15_ultra,212.49,14.1663,1.847,2.5,0.938,1621092,8077.85,13042.52,154.95,108.0,105.39,1.4346,0.4827,1,0,ok
IMG_20260912_075920.jpg,35,Camelia,197269,xiaomi_15_ultra,212.68,14.1788,1.846,2.5,0.919,1599773,7957.61,12853.2,156.15,108.33,105.65,1.4414,0.4704,1,0,ok
IMG_20260912_075924.jpg,35,Camelia,197269,xiaomi_15_ultra,167.97,11.198,2.337,2.5,0.93,1086959,8668.31,12774.39,158.87,111.45,110.29,1.4255,0.4896,1,0,ok
IMG_20260912_075924_1.jpg,35,Camelia,197269,xiaomi_15_ultra,167.31,11.1537,2.346,2.5,0.935,1123527,9031.25,13290.7,163.53,109.56,108.39,1.4926,0.5041,1,0,ok
IMG_20260912_075925.jpg,35,Camelia,197269,xiaomi_15_ultra,167.21,11.1471,2.348,2.5,0.938,1104242,8886.72,13075.29,161.3,109.09,107.92,1.4786,0.5051,1,0,ok
IMG_20260912_075925_1.jpg,35,Camelia,197269,xiaomi_15_ultra,166.57,11.105,2.356,2.5,0.551,1097592,8900.29,13077.9,161.37,110.13,107.79,1.4652,0.5008,1,0,ok
IMG_20260912_075926.jpg,35,Camelia,197269,xiaomi_15_ultra,166.14,11.0759,2.363,2.5,0.938,1111495,9060.47,13301.05,162.97,110.33,108.61,1.4771,0.5039,1,0,ok
IMG_20260912_075926_1.jpg,35,Camelia,197269,xiaomi_15_ultra,165.67,11.0447,2.369,2.5,0.94,1087975,8918.83,13080.26,165.15,111.91,110.1,1.4757,0.4826,1,0,ok
IMG_20260912_075927.jpg,35,Camelia,197269,xiaomi_15_ultra,166.25,11.0833,2.361,2.5,0.924,1100141,8955.9,13150.61,169.17,110.89,109.08,1.5256,0.4774,1,0,ok
IMG_20260912_075927_1.jpg,35,Camelia,197269,xiaomi_15_ultra,166.14,11.0759,2.363,2.5,0.933,1124616,9167.43,13458.07,165.86,110.42,109.25,1.502,0.5006,1,0,ok
IMG_20260912_075928.jpg,35,Camelia,197269,xiaomi_15_ultra,166.82,11.1214,2.353,2.5,0.93,1126414,9107.01,13388.59,164.01,111.05,108.8,1.4769,0.5,1,0,ok
IMG_20260912_075928_1.jpg,35,Camelia,197269,xiaomi_15_ultra,166.01,11.0674,2.364,2.5,0.929,1103074,9005.57,13216.93,164.18,110.41,108.7,1.4869,0.4968,1,0,ok
IMG_20260912_075931.jpg,35,Camelia,197269,xiaomi_15_ultra,139.2,9.2803,2.82,3.0,0.913,820787,9530.3,13209.68,171.01,115.08,111.63,1.486,0.4843,1,1,ok
IMG_20260912_075932.jpg,35,Camelia,197269,xiaomi_15_ultra,139.23,9.2821,2.819,3.0,0.932,857334,9950.74,13793.26,174.42,114.41,110.97,1.5245,0.4986,1,1,ok
IMG_20260912_075932_1.jpg,35,Camelia,197269,xiaomi_15_ultra,139.03,9.2685,2.823,3.0,0.922,825162,9605.45,13308.76,173.27,115.34,111.88,1.5023,0.4806,1,1,ok
IMG_20260912_075932_2.jpg,35,Camelia,197269,xiaomi_15_ultra,138.3,9.2197,2.838,3.0,0.918,821084,9659.55,13362.49,173.54,114.54,111.83,1.5152,0.486,1,1,ok
IMG_20260912_075933.jpg,35,Camelia,197269,xiaomi_15_ultra,138.56,9.2375,2.833,3.0,0.856,786208,9213.49,12752.84,160.76,114.32,111.5,1.4062,0.5014,1,1,ok
IMG_20260912_075933_1.jpg,35,Camelia,197269,xiaomi_15_ultra,139.26,9.2841,2.819,3.0,0.869,781321,9064.57,12565.71,163.4,112.99,110.3,1.4461,0.491,1,0,ok
IMG_20260912_075934.jpg,35,Camelia,197269,xiaomi_15_ultra,139.53,9.3018,2.813,3.0,0.925,822576,9506.97,13186.54,172.76,112.77,110.09,1.5319,0.488,1,0,ok
IMG_20260912_075934_1.jpg,35,Camelia,197269,xiaomi_15_ultra,139.56,9.3041,2.813,3.0,0.926,820177,9474.63,13142.65,171.97,112.21,109.41,1.5326,0.491,1,0,ok
IMG_20260912_075935.jpg,35,Camelia,197269,xiaomi_15_ultra,140.36,9.3574,2.797,3.0,0.913,820658,9372.52,13023.5,171.63,113.49,110.72,1.5122,0.4812,1,0,ok
IMG_20260912_075935_1.jpg,35,Camelia,197269,xiaomi_15_ultra,140.59,9.3727,2.792,3.0,0.924,828266,9428.41,13107.69,171.35,112.03,109.89,1.5295,0.4912,1,0,ok
IMG_20260912_075936.jpg,35,Camelia,197269,xiaomi_15_ultra,140.52,9.3683,2.793,3.0,0.921,819964,9342.65,12986.61,171.43,114.11,110.69,1.5023,0.4776,1,0,ok
IMG_20260912_080028.jpg,36,Cristy,73169,xiaomi_15_ultra,162.59,10.8393,2.414,2.5,0.957,1700426,14472.91,21088.43,217.82,122.15,118.73,1.7832,0.544,0,0,ok
IMG_20260912_080028_1.jpg,36,Cristy,73169,xiaomi_15_ultra,160.13,10.6751,2.451,2.5,0.954,1682388,14763.27,21399.84,221.17,127.68,124.31,1.7322,0.5228,0,0,ok
IMG_20260912_080029.jpg,36,Cristy,73169,xiaomi_15_ultra,158.22,10.5481,2.481,2.5,0.955,1665724,14971.24,21613.89,222.13,125.05,122.68,1.7763,0.539,0,0,ok
IMG_20260912_080029_1.jpg,36,Cristy,73169,xiaomi_15_ultra,158.54,10.5691,2.476,2.5,0.957,1687927,15110.45,21829.47,221.59,127.16,124.99,1.7426,0.5363,0,0,ok
IMG_20260912_080030.jpg,36,Cristy,73169,xiaomi_15_ultra,158.31,10.5537,2.48,2.5,0.959,1680195,15085.2,21782.31,221.34,126.12,123.65,1.7551,0.5404,0,0,ok
IMG_20260912_080030_1.jpg,36,Cristy,73169,xiaomi_15_ultra,157.86,10.5243,2.487,2.5,0.961,1680219,15169.92,21884.14,218.26,127.71,122.95,1.7091,0.5443,0,0,ok
IMG_20260912_080031.jpg,36,Cristy,73169,xiaomi_15_ultra,158.56,10.571,2.476,2.5,0.954,1685585,15084.17,21792.79,220.98,125.91,121.09,1.7551,0.5421,0,0,ok
IMG_20260912_080031_1.jpg,36,Cristy,73169,xiaomi_15_ultra,158.29,10.5524,2.48,2.5,0.955,1672812,15022.62,21691.05,217.11,124.9,121.3,1.7382,0.554,0,0,ok
IMG_20260912_080032.jpg,36,Cristy,73169,xiaomi_15_ultra,158.87,10.5912,2.471,2.5,0.951,1653592,14741.46,21311.35,216.97,122.65,119.63,1.7691,0.5539,0,0,ok
IMG_20260912_080032_1.jpg,36,Cristy,73169,xiaomi_15_ultra,158.14,10.5425,2.482,2.5,0.958,1646448,14813.52,21382.43,220.35,126.25,123.22,1.7453,0.5325,0,0,ok
IMG_20260912_080033.jpg,36,Cristy,73169,xiaomi_15_ultra,159.7,10.6469,2.458,2.5,0.952,1666518,14701.57,21291.34,220.06,125.01,122.57,1.7603,0.5344,0,0,ok
IMG_20260912_080034.jpg,36,Cristy,73169,xiaomi_15_ultra,160.13,10.6751,2.451,2.5,0.954,1687856,14811.25,21469.39,216.39,127.68,119.91,1.6948,0.5361,0,0,ok
IMG_20260912_080034_1.jpg,36,Cristy,73169,xiaomi_15_ultra,161.1,10.7398,2.437,2.5,0.955,1692845,14676.51,21317.81,216.95,126.91,120.39,1.7095,0.533,0,0,ok
IMG_20260912_080035.jpg,36,Cristy,73169,xiaomi_15_ultra,161.0,10.7331,2.438,2.5,0.958,1715752,14893.77,21628.77,219.41,129.41,121.87,1.6955,0.5245,0,0,ok
IMG_20260912_080035_1.jpg,36,Cristy,73169,xiaomi_15_ultra,160.73,10.7151,2.442,2.5,0.954,1709981,14893.59,21616.16,219.22,127.86,121.23,1.7146,0.5314,0,0,ok
IMG_20260912_080035_2.jpg,36,Cristy,73169,xiaomi_15_ultra,160.16,10.6776,2.451,2.5,0.96,1717151,15061.4,21833.69,222.9,129.52,122.5,1.7209,0.5217,0,0,ok
IMG_20260912_080036.jpg,36,Cristy,73169,xiaomi_15_ultra,159.5,10.6334,2.461,2.5,0.963,1718642,15199.98,22003.7,225.7,128.75,124.04,1.7531,0.5231,0,0,ok
IMG_20260912_080040.jpg,36,Cristy,73169,xiaomi_15_ultra,134.01,8.9339,2.929,3.0,0.944,1095551,13726.15,18812.13,204.84,126.04,122.34,1.6252,0.5317,0,1,ok
IMG_20260912_080040_1.jpg,36,Cristy,73169,xiaomi_15_ultra,134.31,8.9537,2.923,3.0,0.944,1096451,13676.67,18756.45,205.05,129.33,120.06,1.5855,0.5157,0,1,ok
IMG_20260912_080041.jpg,36,Cristy,73169,xiaomi_15_ultra,135.54,9.0358,2.896,3.0,0.952,1103229,13512.36,18580.77,206.07,132.47,121.85,1.5556,0.495,0,1,ok
IMG_20260912_080041_1.jpg,36,Cristy,73169,xiaomi_15_ultra,135.61,9.0405,2.895,3.0,0.953,1100222,13461.66,18513.86,205.3,130.3,118.91,1.5756,0.5032,0,1,ok
IMG_20260912_080042.jpg,36,Cristy,73169,xiaomi_15_ultra,135.77,9.0515,2.891,3.0,0.95,1116930,13632.82,18755.99,205.82,126.61,121.64,1.6257,0.5232,0,1,ok
IMG_20260912_080042_1.jpg,36,Cristy,73169,xiaomi_15_ultra,136.07,9.0714,2.885,3.0,0.947,1110891,13499.67,18584.85,205.37,126.22,117.73,1.6271,0.5208,0,0,ok
IMG_20260912_080043.jpg,36,Cristy,73169,xiaomi_15_ultra,136.07,9.0713,2.885,3.0,0.948,1111382,13506.0,18593.49,204.6,126.99,120.82,1.6111,0.5198,0,0,ok
IMG_20260912_080043_1.jpg,36,Cristy,73169,xiaomi_15_ultra,135.81,9.0537,2.89,3.0,0.96,1122466,13693.79,18841.21,205.0,127.9,121.83,1.6028,0.5223,0,0,ok
IMG_20260912_080043_2.jpg,36,Cristy,73169,xiaomi_15_ultra,136.11,9.0737,2.884,3.0,0.954,1123534,13646.28,18788.12,203.78,130.49,121.56,1.5617,0.5132,0,0,ok
IMG_20260912_080044.jpg,36,Cristy,73169,xiaomi_15_ultra,137.07,9.1382,2.864,3.0,0.955,1115755,13361.3,18434.39,202.45,130.33,119.06,1.5533,0.5064,0,0,ok
IMG_20260912_080045.jpg,36,Cristy,73169,xiaomi_15_ultra,137.04,9.1359,2.864,3.0,0.959,1119597,13414.11,18505.86,203.16,131.02,119.86,1.5505,0.504,0,0,ok
IMG_20260912_080045_1.jpg,36,Cristy,73169,xiaomi_15_ultra,137.1,9.1402,2.863,3.0,0.959,1136276,13601.08,18766.44,205.14,128.22,117.72,1.5998,0.5171,0,0,ok
IMG_20260912_080046.jpg,36,Cristy,73169,xiaomi_15_ultra,136.8,9.1202,2.869,3.0,0.957,1123102,13502.41,18618.18,204.93,129.82,116.44,1.5785,0.5075,0,0,ok
IMG_20260912_080050.jpg,36,Cristy,73169,xiaomi_15_ultra,111.01,7.4005,3.536,3.5,0.95,845349,15435.45,20109.14,223.09,143.64,127.15,1.5532,0.4817,0,0,ok
IMG_20260912_080050_1.jpg,36,Cristy,73169,xiaomi_15_ultra,111.51,7.4338,3.52,3.5,0.941,818568,14812.76,19319.44,221.29,138.69,124.84,1.5955,0.4826,0,0,ok
IMG_20260912_080050_2.jpg,36,Cristy,73169,xiaomi_15_ultra,111.75,7.4502,3.512,3.5,0.948,852707,15362.47,20047.42,224.15,143.49,128.32,1.5622,0.4776,0,0,ok
IMG_20260912_080051.jpg,36,Cristy,73169,xiaomi_15_ultra,112.01,7.4671,3.505,3.5,0.942,829549,14877.72,19425.82,222.84,144.1,126.82,1.5465,0.4633,0,0,ok
IMG_20260912_080051_1.jpg,36,Cristy,73169,xiaomi_15_ultra,111.5,7.4336,3.52,3.5,0.944,856696,15503.32,20220.0,227.35,139.5,127.39,1.6297,0.4888,0,0,ok
IMG_20260912_080052.jpg,36,Cristy,73169,xiaomi_15_ultra,112.01,7.4671,3.505,3.5,0.941,849537,15236.23,19893.92,221.1,143.96,129.5,1.5358,0.4787,0,0,ok
IMG_20260912_080052_1.jpg,36,Cristy,73169,xiaomi_15_ultra,111.51,7.4341,3.52,3.5,0.943,834601,15101.67,19696.45,220.34,138.55,126.58,1.5903,0.4947,0,0,ok
IMG_20260912_080053.jpg,36,Cristy,73169,xiaomi_15_ultra,112.02,7.468,3.504,3.5,0.945,852567,15286.93,19960.71,218.53,140.47,127.61,1.5558,0.498,0,0,ok
IMG_20260912_080054.jpg,36,Cristy,73169,xiaomi_15_ultra,112.77,7.5182,3.481,3.5,0.942,847069,14986.21,19600.91,219.6,141.26,125.16,1.5546,0.4831,0,0,ok
IMG_20260912_080054_1.jpg,36,Cristy,73169,xiaomi_15_ultra,112.77,7.5181,3.481,3.5,0.944,827429,14639.29,19147.07,217.08,140.46,127.16,1.5455,0.4801,0,0,ok
IMG_20260912_080055.jpg,36,Cristy,73169,xiaomi_15_ultra,113.28,7.552,3.465,3.5,0.943,833226,14609.77,19130.12,216.9,142.35,128.05,1.5237,0.4732,0,0,ok
IMG_20260912_080149.jpg,37,Naomi,223683,xiaomi_15_ultra,154.85,10.3233,2.535,2.5,0.932,1639664,15385.74,22053.8,226.28,132.03,127.09,1.7139,0.515,0,0,ok
IMG_20260912_080150.jpg,37,Naomi,223683,xiaomi_15_ultra,155.57,10.3716,2.523,2.5,0.943,1645872,15300.45,21965.38,229.57,130.16,127.08,1.7637,0.512,0,0,ok
IMG_20260912_080150_1.jpg,37,Naomi,223683,xiaomi_15_ultra,154.56,10.3043,2.54,2.5,0.917,1612693,15188.42,21757.79,227.28,126.74,126.16,1.7933,0.5273,0,0,ok
IMG_20260912_080151.jpg,37,Naomi,223683,xiaomi_15_ultra,155.6,10.3736,2.523,2.5,0.95,1561802,14513.21,20836.57,217.19,125.22,125.22,1.7344,0.5336,0,0,ok
IMG_20260912_080152.jpg,37,Naomi,223683,xiaomi_15_ultra,155.85,10.39,2.519,2.5,0.954,1527247,14147.38,20321.96,214.34,125.7,124.45,1.7052,0.5251,0,0,ok
IMG_20260912_080152_1.jpg,37,Naomi,223683,xiaomi_15_ultra,155.87,10.3916,2.518,2.5,0.941,1514212,14022.29,20143.31,221.14,125.58,125.58,1.7609,0.5049,1,0,ok
IMG_20260912_080153.jpg,37,Naomi,223683,xiaomi_15_ultra,157.58,10.5052,2.491,2.5,0.948,1517258,13748.4,19821.43,213.89,124.32,123.65,1.7205,0.517,0,0,ok
IMG_20260912_080153_1.jpg,37,Naomi,223683,xiaomi_15_ultra,156.81,10.4542,2.503,2.5,0.948,1538712,14079.1,20265.29,222.21,125.5,124.26,1.7706,0.5049,1,0,ok
IMG_20260912_080154.jpg,37,Naomi,223683,xiaomi_15_ultra,156.57,10.4381,2.507,2.5,0.953,1530011,14042.64,20202.46,214.6,125.02,125.02,1.7165,0.5234,0,0,ok
IMG_20260912_080154_1.jpg,37,Naomi,223683,xiaomi_15_ultra,157.81,10.5207,2.487,2.5,0.947,1544264,13951.76,20124.57,217.76,124.71,124.14,1.7462,0.5138,0,0,ok
IMG_20260912_080155.jpg,37,Naomi,223683,xiaomi_15_ultra,157.04,10.4695,2.5,2.5,0.952,1591513,14519.63,20909.58,217.58,127.13,124.93,1.7115,0.5249,0,0,ok
IMG_20260912_080155_1.jpg,37,Naomi,223683,xiaomi_15_ultra,157.53,10.5017,2.492,2.5,0.954,1586321,14383.78,20735.16,212.73,125.5,124.36,1.695,0.5388,0,0,ok
IMG_20260912_080158.jpg,37,Naomi,223683,xiaomi_15_ultra,133.56,8.9041,2.939,3.0,0.933,1109663,13996.25,19163.64,217.09,123.65,121.07,1.7557,0.5214,0,0,ok
IMG_20260912_080159.jpg,37,Naomi,223683,xiaomi_15_ultra,132.79,8.8527,2.956,3.0,0.946,1080247,13783.96,18841.3,213.95,122.11,122.11,1.7521,0.5276,0,1,ok
IMG_20260912_080159_1.jpg,37,Naomi,223683,xiaomi_15_ultra,133.05,8.8699,2.95,3.0,0.945,1089616,13849.56,18941.63,213.64,123.45,121.2,1.7306,0.5251,0,1,ok
IMG_20260912_080200.jpg,37,Naomi,223683,xiaomi_15_ultra,133.29,8.8859,2.945,3.0,0.938,1080882,13689.17,18732.04,211.01,121.77,120.3,1.7329,0.5328,0,1,ok
IMG_20260912_080200_1.jpg,37,Naomi,223683,xiaomi_15_ultra,133.28,8.8854,2.945,3.0,0.94,1130592,14320.36,19595.43,218.22,123.24,120.31,1.7708,0.5325,0,1,ok
IMG_20260912_080201.jpg,37,Naomi,223683,xiaomi_15_ultra,133.54,8.9026,2.939,3.0,0.952,1168710,14745.96,20189.16,219.26,123.0,120.08,1.7826,0.5468,0,0,ok
IMG_20260912_080202.jpg,37,Naomi,223683,xiaomi_15_ultra,133.54,8.9026,2.939,3.0,0.951,1164407,14691.67,20114.83,217.13,123.0,120.08,1.7653,0.5501,0,0,ok
IMG_20260912_080202_1.jpg,37,Naomi,223683,xiaomi_15_ultra,133.56,8.9038,2.939,3.0,0.952,1152018,14531.31,19896.08,215.64,123.65,120.06,1.7439,0.545,0,0,ok
IMG_20260912_080202_2.jpg,37,Naomi,223683,xiaomi_15_ultra,133.28,8.8854,2.945,3.0,0.951,1162289,14721.85,20144.81,219.01,123.91,120.31,1.7675,0.5425,0,0,ok
IMG_20260912_080203.jpg,37,Naomi,223683,xiaomi_15_ultra,133.3,8.8865,2.945,3.0,0.952,1150840,14573.17,19942.09,219.66,122.43,121.08,1.7941,0.5419,0,0,ok
IMG_20260912_080203_1.jpg,37,Naomi,223683,xiaomi_15_ultra,132.29,8.8193,2.967,3.0,0.951,1156581,14869.76,20303.34,221.33,123.37,120.53,1.7941,0.5446,0,1,ok
IMG_20260912_080206.jpg,37,Naomi,223683,xiaomi_15_ultra,113.53,7.5686,3.458,3.5,0.892,849496,14829.67,19428.84,226.59,129.35,123.54,1.7518,0.506,0,0,ok
IMG_20260912_080207.jpg,37,Naomi,223683,xiaomi_15_ultra,114.52,7.6345,3.428,3.5,0.951,859811,14751.7,19369.24,223.07,129.02,123.26,1.7289,0.5126,0,0,ok
IMG_20260912_080207_1.jpg,37,Naomi,223683,xiaomi_15_ultra,114.27,7.618,3.435,3.5,0.944,860621,14829.47,19460.67,223.42,129.43,123.52,1.7262,0.5128,0,0,ok
IMG_20260912_080208.jpg,37,Naomi,223683,xiaomi_15_ultra,114.54,7.6359,3.427,3.5,0.945,866620,14862.89,19516.18,222.89,128.21,123.23,1.7385,0.5201,0,0,ok
IMG_20260912_080208_1.jpg,37,Naomi,223683,xiaomi_15_ultra,113.79,7.5857,3.45,3.5,0.894,846009,14702.11,19272.75,222.79,127.48,122.33,1.7477,0.5177,0,0,ok
IMG_20260912_080209.jpg,37,Naomi,223683,xiaomi_15_ultra,114.28,7.6186,3.435,3.5,0.932,856310,14752.92,19360.59,220.91,128.5,123.51,1.7191,0.5197,0,0,ok
IMG_20260912_080209_1.jpg,37,Naomi,223683,xiaomi_15_ultra,114.04,7.6025,3.442,3.5,0.911,849979,14706.16,19288.82,222.3,127.98,122.07,1.7369,0.5169,0,0,ok
IMG_20260912_080210.jpg,37,Naomi,223683,xiaomi_15_ultra,114.53,7.6352,3.427,3.5,0.944,855616,14676.99,19271.6,221.34,127.3,122.33,1.7387,0.5209,0,0,ok
IMG_20260912_080210_1.jpg,37,Naomi,223683,xiaomi_15_ultra,114.29,7.619,3.435,3.5,0.948,872314,15026.97,19720.51,224.17,130.2,124.29,1.7218,0.5148,0,0,ok
IMG_20260912_080315.jpg,38,Odra,73159,xiaomi_15_ultra,161.66,10.7776,2.428,2.5,0.938,1435688,12359.89,17974.41,218.51,119.32,116.35,1.8313,0.4741,1,0,ok
IMG_20260912_080315_1.jpg,38,Odra,73159,xiaomi_15_ultra,165.52,11.0347,2.372,2.5,0.924,1392460,11435.67,16766.12,194.3,116.0,113.1,1.675,0.5074,0,0,ok
IMG_20260912_080316.jpg,38,Odra,73159,xiaomi_15_ultra,176.52,11.7682,2.224,2.5,0.905,1505428,10870.3,16308.26,187.11,107.15,104.43,1.7462,0.5422,0,0,ok
IMG_20260912_080316_1.jpg,38,Odra,73159,xiaomi_15_ultra,173.22,11.5481,2.266,2.5,0.884,1506268,11294.89,16829.1,192.33,109.72,106.42,1.753,0.5353,0,0,ok
IMG_20260912_080317.jpg,38,Odra,73159,xiaomi_15_ultra,168.23,11.2151,2.333,2.5,0.903,1590806,12647.75,18648.88,213.46,113.6,110.74,1.8791,0.5216,1,0,ok
IMG_20260912_080317_1.jpg,38,Odra,73159,xiaomi_15_ultra,164.11,10.9407,2.392,2.5,0.936,1615248,13494.23,19725.58,211.14,116.35,114.07,1.8146,0.5493,0,0,ok
IMG_20260912_080318.jpg,38,Odra,73159,xiaomi_15_ultra,161.87,10.7911,2.425,2.5,0.872,1631151,14007.47,20379.14,214.06,118.06,114.45,1.8132,0.5543,0,0,ok
IMG_20260912_080318_1.jpg,38,Odra,73159,xiaomi_15_ultra,161.76,10.7843,2.427,2.5,0.907,1774999,15262.02,22199.56,225.51,119.25,116.0,1.8911,0.5675,0,0,ok
IMG_20260912_080327.jpg,38,Odra,73159,xiaomi_15_ultra,145.27,9.6847,2.702,2.5,0.659,1123183,11975.03,16816.85,177.81,140.74,118.23,1.2634,0.4785,1,0,ok
IMG_20260912_080328.jpg,38,Odra,73159,xiaomi_15_ultra,144.23,9.6156,2.722,2.5,0.681,1118319,12095.3,16947.89,180.44,141.75,117.52,1.2729,0.4729,1,0,ok
IMG_20260912_080328_1.jpg,38,Odra,73159,xiaomi_15_ultra,145.0,9.6666,2.707,2.5,0.785,1115098,11933.46,16748.67,176.79,140.28,117.21,1.2603,0.4812,1,0,ok
IMG_20260912_080329.jpg,38,Odra,73159,xiaomi_15_ultra,145.42,9.6948,2.699,2.5,0.706,1125099,11970.64,16816.12,176.28,139.97,117.49,1.2594,0.4851,1,0,ok
IMG_20260912_080329_1.jpg,38,Odra,73159,xiaomi_15_ultra,145.27,9.6849,2.702,2.5,0.655,1136959,12121.36,17022.46,181.0,140.11,116.99,1.2918,0.478,1,0,ok
IMG_20260912_080330.jpg,38,Odra,73159,xiaomi_15_ultra,144.77,9.6515,2.711,2.5,0.714,1132447,12156.94,17054.05,180.39,141.22,118.01,1.2773,0.4772,1,0,ok
IMG_20260912_080331.jpg,38,Odra,73159,xiaomi_15_ultra,143.93,9.5952,2.727,2.5,0.871,1172340,12733.41,17830.28,192.7,141.42,117.35,1.3626,0.4672,1,0,ok
IMG_20260912_080333.jpg,38,Odra,73159,xiaomi_15_ultra,120.38,8.0254,3.261,3.5,0.72,867230,13464.9,17910.86,200.12,133.2,121.99,1.5023,0.5051,1,0,ok
IMG_20260912_080334.jpg,38,Odra,73159,xiaomi_15_ultra,120.6,8.0398,3.255,3.5,0.831,879200,13601.78,18101.59,199.01,133.83,120.9,1.487,0.5107,1,1,ok
IMG_20260912_080334_1.jpg,38,Odra,73159,xiaomi_15_ultra,120.48,8.0322,3.258,3.5,0.891,891036,13811.0,18375.4,202.31,133.84,122.63,1.5116,0.5101,1,0,ok
IMG_20260912_080335.jpg,38,Odra,73159,xiaomi_15_ultra,120.71,8.0472,3.252,3.5,0.901,877439,13549.75,18036.74,199.7,134.33,122.4,1.4866,0.5051,1,1,ok
IMG_20260912_080335_1.jpg,38,Odra,73159,xiaomi_15_ultra,120.93,8.0619,3.246,3.0,0.908,880828,13552.41,18049.08,199.21,130.24,122.18,1.5295,0.5223,1,1,ok
IMG_20260912_080336.jpg,38,Odra,73159,xiaomi_15_ultra,121.31,8.0875,3.236,3.0,0.828,876076,13394.16,17853.44,197.84,128.22,121.79,1.5429,0.528,1,1,ok
IMG_20260912_080336_1.jpg,38,Odra,73159,xiaomi_15_ultra,121.53,8.1022,3.23,3.0,0.915,876958,13359.11,17815.37,196.74,127.99,121.57,1.5371,0.5305,1,1,ok
IMG_20260912_080340.jpg,38,Odra,73159,xiaomi_15_ultra,105.62,7.0411,3.717,3.5,0.932,662566,13364.51,17202.27,198.27,138.19,119.02,1.4347,0.4878,1,0,ok
IMG_20260912_080341.jpg,38,Odra,73159,xiaomi_15_ultra,105.93,7.0621,3.706,3.5,0.936,656564,13164.55,16956.92,188.47,134.1,117.81,1.4055,0.5209,1,0,ok
IMG_20260912_080341_1.jpg,38,Odra,73159,xiaomi_15_ultra,108.68,7.2452,3.612,3.5,0.94,644653,12280.7,15916.12,178.46,136.92,114.83,1.3034,0.5026,1,0,ok
IMG_20260912_080342.jpg,38,Odra,73159,xiaomi_15_ultra,107.5,7.167,3.651,3.5,0.943,652204,12697.3,16412.86,182.09,133.11,117.9,1.3679,0.5239,1,0,ok
IMG_20260912_080342_1.jpg,38,Odra,73159,xiaomi_15_ultra,106.02,7.0678,3.703,3.5,0.925,632470,12661.24,16311.71,180.96,133.14,118.71,1.3592,0.5255,1,0,ok
IMG_20260912_080343.jpg,38,Odra,73159,xiaomi_15_ultra,106.09,7.0725,3.7,3.5,0.941,643476,12864.45,16576.13,190.03,129.38,120.33,1.4689,0.5233,1,0,ok
IMG_20260912_080343_1.jpg,38,Odra,73159,xiaomi_15_ultra,105.62,7.0415,3.716,3.5,0.938,650063,13110.57,16875.68,193.57,128.95,120.0,1.5011,0.5253,1,0,ok
IMG_20260912_080431.jpg,39,Gioconda,223681,xiaomi_15_ultra,147.62,9.8416,2.659,2.5,0.902,1384205,14291.13,20171.08,219.78,131.28,131.28,1.6741,0.4953,0,0,ok
IMG_20260912_080431_1.jpg,39,Gioconda,223681,xiaomi_15_ultra,147.13,9.8083,2.668,2.5,0.908,1394698,14497.36,20440.26,220.53,131.72,131.72,1.6741,0.4991,0,0,ok
IMG_20260912_080432.jpg,39,Gioconda,223681,xiaomi_15_ultra,147.14,9.8096,2.668,2.5,0.934,1427623,14835.92,20918.43,228.35,133.03,133.03,1.7165,0.4884,0,0,ok
IMG_20260912_080432_1.jpg,39,Gioconda,223681,xiaomi_15_ultra,146.63,9.775,2.677,2.5,0.931,1413474,14792.88,20834.56,224.65,133.5,133.5,1.6828,0.4932,0,0,ok
IMG_20260912_080433.jpg,39,Gioconda,223681,xiaomi_15_ultra,147.42,9.8281,2.663,2.5,0.873,1400386,14498.05,20454.22,212.25,130.95,130.95,1.6208,0.5216,0,0,ok
IMG_20260912_080433_1.jpg,39,Gioconda,223681,xiaomi_15_ultra,146.42,9.7615,2.681,2.5,0.92,1393218,14621.3,20583.94,232.03,131.84,131.84,1.7599,0.4779,0,0,ok
IMG_20260912_080436.jpg,39,Gioconda,223681,xiaomi_15_ultra,120.46,8.0307,3.259,3.5,0.936,923979,14327.0,19060.98,198.49,133.11,132.24,1.4911,0.5422,0,0,ok
IMG_20260912_080437.jpg,39,Gioconda,223681,xiaomi_15_ultra,120.46,8.0306,3.259,3.5,0.931,980608,15205.33,20229.48,220.03,131.5,131.5,1.6733,0.5255,0,0,ok
IMG_20260912_080438.jpg,39,Gioconda,223681,xiaomi_15_ultra,120.57,8.0379,3.256,3.5,0.93,992521,15362.26,20443.18,223.69,132.12,132.12,1.693,0.5198,0,1,ok
IMG_20260912_080439.jpg,39,Gioconda,223681,xiaomi_15_ultra,121.2,8.08,3.239,3.0,0.945,1009899,15468.71,20613.57,224.26,134.65,134.65,1.6654,0.5123,0,1,ok
IMG_20260912_080439_1.jpg,39,Gioconda,223681,xiaomi_15_ultra,121.44,8.0962,3.232,3.0,0.928,989220,15091.61,20121.79,221.34,132.78,132.78,1.667,0.5135,0,1,ok
IMG_20260912_080440.jpg,39,Gioconda,223681,xiaomi_15_ultra,122.01,8.1339,3.217,3.0,0.921,1051817,15897.89,21223.32,218.71,129.09,123.56,1.6943,0.5631,0,1,ok
IMG_20260912_080441.jpg,39,Gioconda,223681,xiaomi_15_ultra,122.58,8.1721,3.202,3.0,0.918,1063369,15922.74,21283.33,228.71,132.28,128.36,1.729,0.5263,0,1,ok
IMG_20260912_080448.jpg,39,Gioconda,223681,xiaomi_15_ultra,97.86,6.5239,4.011,3.5,0.926,665309,15631.7,19771.57,213.83,138.41,138.41,1.5449,0.5282,0,0,ok
IMG_20260912_080449.jpg,39,Gioconda,223681,xiaomi_15_ultra,97.93,6.5285,4.008,3.5,0.943,686346,16103.45,20371.42,209.85,144.14,144.14,1.4559,0.5324,0,0,ok
IMG_20260912_080449_1.jpg,39,Gioconda,223681,xiaomi_15_ultra,97.8,6.5199,4.014,3.5,0.93,647468,15231.16,19262.34,212.12,139.42,139.42,1.5215,0.515,0,0,ok
IMG_20260912_080450.jpg,39,Gioconda,223681,xiaomi_15_ultra,97.93,6.5285,4.008,3.5,0.93,675665,15852.91,20054.47,213.68,140.16,140.16,1.5246,0.5293,0,0,ok
IMG_20260912_080450_1.jpg,39,Gioconda,223681,xiaomi_15_ultra,97.7,6.5131,4.018,3.5,0.936,654780,15435.56,19516.3,212.19,143.4,143.4,1.4797,0.5073,1,0,ok
IMG_20260912_080450_2.jpg,39,Gioconda,223681,xiaomi_15_ultra,97.8,6.5199,4.014,3.5,0.796,669596,15751.7,19920.65,213.04,143.25,140.34,1.4872,0.5161,0,0,ok
IMG_20260912_080451.jpg,39,Gioconda,223681,xiaomi_15_ultra,97.57,6.5044,4.023,3.5,0.929,666435,15752.06,19910.63,209.55,141.75,137.75,1.4783,0.5303,0,0,ok
IMG_20260912_080451_1.jpg,39,Gioconda,223681,xiaomi_15_ultra,97.35,6.49,4.032,3.5,0.934,680894,16165.62,20423.32,222.96,140.06,137.13,1.5919,0.5177,0,0,ok
IMG_20260912_080452.jpg,39,Gioconda,223681,xiaomi_15_ultra,98.09,6.539,4.002,3.5,0.869,692242,16189.52,20487.63,224.04,143.91,138.09,1.5569,0.5021,0,0,ok
IMG_20260912_080452_1.jpg,39,Gioconda,223681,xiaomi_15_ultra,98.2,6.5469,3.997,3.5,0.93,703982,16424.52,20790.57,226.83,149.54,140.07,1.5169,0.4842,0,0,ok
IMG_20260912_080453.jpg,39,Gioconda,223681,xiaomi_15_ultra,98.57,6.5716,3.982,3.5,0.928,691594,16014.32,20288.36,221.1,146.08,138.32,1.5135,0.4958,0,0,ok
20260912_080614.jpg,40,Esmeralda,160771,galaxy_a25,175.75,11.7169,2.612,2.5,0.95,1958445,14265.47,20250.68,224.63,136.04,123.5,1.6512,0.4668,0,0,ok
20260912_080615.jpg,40,Esmeralda,160771,galaxy_a25,181.27,12.0846,2.532,2.5,0.925,1903970,13037.54,18694.69,213.66,134.55,118.17,1.5879,0.4535,0,0,ok
20260912_080616.jpg,40,Esmeralda,160771,galaxy_a25,181.51,12.1007,2.529,2.5,0.913,1902181,12990.74,18635.75,214.45,134.37,118.51,1.5959,0.4508,0,0,ok
20260912_080618.jpg,40,Esmeralda,160771,galaxy_a25,179.88,11.9919,2.552,2.5,0.536,1908654,13272.39,18983.34,215.81,135.01,120.16,1.5985,0.4555,1,0,ok
20260912_080619.jpg,40,Esmeralda,160771,galaxy_a25,181.36,12.0906,2.531,2.5,0.735,1928620,13193.3,18921.12,215.04,132.33,118.11,1.625,0.4636,1,0,ok
20260912_080620.jpg,40,Esmeralda,160771,galaxy_a25,181.04,12.0691,2.535,2.5,0.845,1908506,13102.24,18779.5,214.43,133.65,118.32,1.6045,0.4572,0,0,ok
20260912_080621.jpg,40,Esmeralda,160771,galaxy_a25,182.04,12.1358,2.521,2.5,0.865,1915371,13005.09,18674.24,212.18,131.84,117.59,1.6094,0.4649,0,0,ok
20260912_080626.jpg,40,Esmeralda,160771,galaxy_a25,143.09,9.5393,3.208,3.0,0.936,1369934,15054.63,20113.53,227.17,143.72,127.68,1.5806,0.4611,1,0,ok
20260912_080627.jpg,40,Esmeralda,160771,galaxy_a25,143.8,9.587,3.192,3.0,0.872,1374014,14949.56,20000.1,230.73,142.38,127.67,1.6205,0.4551,0,0,ok
20260912_080628.jpg,40,Esmeralda,160771,galaxy_a25,144.05,9.6031,3.186,3.0,0.906,1369318,14848.44,19873.88,233.05,139.43,126.73,1.6714,0.4569,1,0,ok
20260912_080630.jpg,40,Esmeralda,160771,galaxy_a25,148.03,9.8688,3.101,3.0,0.907,1351594,13877.71,18714.27,221.0,137.0,122.1,1.6132,0.4584,1,1,ok
20260912_080631.jpg,40,Esmeralda,160771,galaxy_a25,148.83,9.9218,3.084,3.0,0.768,1348198,13695.22,18495.76,220.42,132.44,122.05,1.6644,0.4691,1,1,ok
20260912_080632.jpg,40,Esmeralda,160771,galaxy_a25,148.27,9.8845,3.096,3.0,0.952,1355660,13875.24,18719.21,220.55,132.23,121.91,1.6679,0.4758,1,1,ok
20260912_080633.jpg,40,Esmeralda,160771,galaxy_a25,148.79,9.9191,3.085,3.0,0.93,1344870,13669.05,18458.98,219.78,134.29,122.09,1.6366,0.4631,1,1,ok
20260912_080634.jpg,40,Esmeralda,160771,galaxy_a25,147.91,9.8603,3.103,3.0,0.924,1343028,13813.43,18623.15,222.41,133.77,122.82,1.6626,0.4643,1,0,ok
20260912_080635.jpg,40,Esmeralda,160771,galaxy_a25,147.95,9.8636,3.102,3.0,0.923,1359172,13970.2,18836.24,219.09,135.65,123.99,1.6151,0.4701,1,1,ok
20260912_080639.jpg,40,Esmeralda,160771,galaxy_a25,126.63,8.4418,3.625,3.5,0.947,1014139,14230.68,18427.35,216.78,126.04,122.25,1.7199,0.5208,1,0,ok
20260912_080640.jpg,40,Esmeralda,160771,galaxy_a25,126.4,8.4267,3.631,3.5,0.945,1008401,14201.01,18380.95,215.51,127.81,121.76,1.6862,0.5156,1,0,ok
20260912_080641.jpg,40,Esmeralda,160771,galaxy_a25,126.63,8.4421,3.625,3.5,0.944,997330,13993.83,18120.81,215.94,127.57,122.36,1.6927,0.508,0,0,ok
20260912_080642.jpg,40,Esmeralda,160771,galaxy_a25,127.33,8.4885,3.605,3.5,0.931,1002855,13917.99,18046.62,214.05,126.88,120.99,1.6871,0.5125,1,0,ok
20260912_080643(0).jpg,40,Esmeralda,160771,galaxy_a25,125.52,8.3683,3.657,3.5,0.915,932213,13311.95,17201.31,191.2,124.88,122.61,1.5311,0.5575,1,0,ok
20260912_080643.jpg,40,Esmeralda,160771,galaxy_a25,127.06,8.4705,3.613,3.5,0.903,1008421,14054.75,18214.54,216.63,126.44,121.13,1.7134,0.5131,1,0,ok
20260912_080644.jpg,40,Esmeralda,160771,galaxy_a25,125.63,8.3755,3.654,3.5,0.942,995409,14189.85,18339.52,210.73,127.16,123.34,1.6573,0.5296,1,0,ok
20260912_080645.jpg,40,Esmeralda,160771,galaxy_a25,125.13,8.3421,3.668,3.5,0.939,979176,14070.48,18167.78,203.31,129.22,123.83,1.5733,0.5356,1,0,ok
